/*
SQLyog Ultimate v12.08 (64 bit)
MySQL - 5.5.62 : Database - tcrljx
*********************************************************************
*/

/*!40101 SET NAMES utf8 */;

/*!40101 SET SQL_MODE=''*/;

/*!40014 SET @OLD_UNIQUE_CHECKS=@@UNIQUE_CHECKS, UNIQUE_CHECKS=0 */;
/*!40014 SET @OLD_FOREIGN_KEY_CHECKS=@@FOREIGN_KEY_CHECKS, FOREIGN_KEY_CHECKS=0 */;
/*!40101 SET @OLD_SQL_MODE=@@SQL_MODE, SQL_MODE='NO_AUTO_VALUE_ON_ZERO' */;
/*!40111 SET @OLD_SQL_NOTES=@@SQL_NOTES, SQL_NOTES=0 */;
CREATE DATABASE /*!32312 IF NOT EXISTS*/`tcrljx` /*!40100 DEFAULT CHARACTER SET utf8 */;

USE `tcrljx`;

/*Table structure for table `emp_chanliangguagou` */

DROP TABLE IF EXISTS `emp_chanliangguagou`;

CREATE TABLE `emp_chanliangguagou` (
  `id` int(11) NOT NULL AUTO_INCREMENT COMMENT 'ID',
  `xingming` varchar(55) DEFAULT NULL COMMENT '姓名',
  `dept` varchar(55) DEFAULT NULL COMMENT '部门',
  `gangwei` varchar(55) DEFAULT NULL COMMENT '岗位',
  `guagoudanwei` varchar(55) DEFAULT NULL COMMENT '挂钩单位',
  `gangxu` varchar(55) DEFAULT NULL COMMENT '岗序',
  `dangci` int(11) DEFAULT NULL COMMENT '档次',
  `gangweigongzi` double DEFAULT NULL COMMENT '岗位工资',
  `jixiaogongzi` double DEFAULT NULL COMMENT '绩效工资',
  `guagoujine` double DEFAULT NULL COMMENT '挂钩金额',
  `kaoheyuefen` varchar(55) DEFAULT NULL COMMENT '考核月份',
  `beiyongziduan2` varchar(55) DEFAULT NULL COMMENT '备用字段2',
  `beiyongziduan3` varchar(55) DEFAULT NULL COMMENT '备用字段3',
  `beiyongziduan4` varchar(55) DEFAULT NULL COMMENT '备用字段4',
  PRIMARY KEY (`id`)
) ENGINE=InnoDB AUTO_INCREMENT=115 DEFAULT CHARSET=utf8;

/*Data for the table `emp_chanliangguagou` */

insert  into `emp_chanliangguagou`(`id`,`xingming`,`dept`,`gangwei`,`guagoudanwei`,`gangxu`,`dangci`,`gangweigongzi`,`jixiaogongzi`,`guagoujine`,`kaoheyuefen`,`beiyongziduan2`,`beiyongziduan3`,`beiyongziduan4`) values (1,'刘俊','市场营销部','客户管理','线材分厂','管5',6,2190,1740,-70.4,'2019-10',NULL,NULL,NULL),(2,'刘柏桢','市场营销部','关务员（兼综合管理）','铸轧分厂','管4',4,1860,1740,3.9,'2019-10',NULL,NULL,NULL),(3,'吴娇妮','市场营销部','综合管理','线材分厂','管4',5,1900,1565,-63.3,'2019-10',NULL,NULL,NULL),(4,'邓小云','市场营销部','发货调度','线材分厂','管5',6,2190,1850,-74.9,'2019-10',NULL,NULL,NULL),(5,'黄文涛','市场营销部','采购业务经理 ','线材分厂','管4',5,1900,1740,-70.4,'2019-10',NULL,NULL,NULL),(6,'刘静','市场营销部','小线发货员','线材分厂','操5',3,1580,1510,-61.1,'2019-10',NULL,NULL,NULL),(7,'刘佳佳','市场营销部','小线发货员','线材分厂','操5',2,1550,1510,-61.1,'2019-10',NULL,NULL,NULL),(8,'李建军','市场营销部','小线发货员','线材分厂','操5',5,1640,1510,-61.1,'2019-10',NULL,NULL,NULL),(9,'江玉兰','市场营销部','小线发货员','线材分厂','操5',4,1610,1510,-61.1,'2019-10',NULL,NULL,NULL),(10,'饶碧英','市场营销部','小线发货员','线材分厂','操5',5,1640,1510,-61.1,'2019-10',NULL,NULL,NULL),(11,'唐文胜','市场营销部','发货调度','铸轧分厂','管4',3,1820,1680,3.7,'2019-10',NULL,NULL,NULL),(12,'杨真云','市场营销部','发货调度','铸轧分厂','管4',3,1820,1680,3.7,'2019-10',NULL,NULL,NULL),(13,'万华琳','市场营销部','发货员','铸轧分厂','操5',3,1580,1450,3.2,'2019-10',NULL,NULL,NULL),(14,'杨艳麟','市场营销部','发货员','铸轧分厂','操5',4,1610,1450,3.2,'2019-10',NULL,NULL,NULL),(15,'陈云萍','市场营销部','发货员','铸轧分厂','操5',5,1640,1450,3.2,'2019-10',NULL,NULL,NULL),(16,'李莲芳','市场营销部','发货员','铸轧分厂','操5',5,1640,1450,3.2,'2019-10',NULL,NULL,NULL),(17,'汤利琼','市场营销部','发货员','铸轧分厂','操5',5,1640,1450,3.2,'2019-10',NULL,NULL,NULL),(18,'何晶晶','市场营销部','发货员','铸轧分厂','操5',3,1580,1450,3.2,'2019-10',NULL,NULL,NULL),(19,'徐志军','市场营销部','业务经理','铸轧分厂+线材分厂','管4',5,1900,1740,-75.1,'2019-10',NULL,NULL,NULL),(20,'徐堡','市场营销部','业务经理','铸轧分厂+线材分厂','管5',3,2070,1740,-75.1,'2019-10',NULL,NULL,NULL),(21,'程春香','市场营销部','核算员','铸轧分厂+线材分厂','管2',6,1540,1395,-60.1,'2019-10',NULL,NULL,NULL),(22,'王未东','市场营销部','发货员','铸轧分厂','操5',5,1640,1450,3.2,'2019-10',NULL,NULL,NULL),(23,'陈仲林','物资供应部','仓库保管','铸轧分厂+线材分厂','操4',4,1530,1450,-62.6,'2019-10',NULL,NULL,NULL),(24,'廖婷','物资供应部','仓库保管','铸轧分厂+线材分厂','操4',3,1500,1450,-62.6,'2019-10',NULL,NULL,NULL),(25,'姜银华','物资供应部','仓库保管','铸轧分厂+线材分厂','操4',4,1530,1450,-62.6,'2019-10',NULL,NULL,NULL),(26,'畅亚庆','物资供应部','仓库保管','铸轧分厂+线材分厂','操4',3,1500,1450,-62.6,'2019-10',NULL,NULL,NULL),(27,'张贤军','物资供应部','仓库保管','铸轧分厂+线材分厂','操4',4,1530,1450,-62.6,'2019-10',NULL,NULL,NULL),(28,'徐德辉','物资供应部','采购业务经理 ','铸轧分厂+线材分厂','管4',3,1820,1740,-75.1,'2019-10',NULL,NULL,NULL),(29,'王军平','物资供应部','采购管理','铸轧分厂+线材分厂','管4',5,1900,1740,-75.1,'2019-10',NULL,NULL,NULL),(30,'胡志强','物资供应部','采购业务经理 ','铸轧分厂+线材分厂','管4',5,1900,1740,-75.1,'2019-10',NULL,NULL,NULL),(31,'王炼','物资供应部','采购业务经理 ','铸轧分厂+线材分厂','管4',3,1820,1740,-75.1,'2019-10',NULL,NULL,NULL),(32,'张伟旗','生产技术部','科协干事','铸轧分厂+线材分厂','管7',5,2740,1740,-75.1,'2019-10',NULL,NULL,NULL),(33,'马德江','生产技术部','安全环保','铸轧分厂+线材分厂','管7',5,2740,1850,-79.80000000000001,'2019-10',NULL,NULL,NULL),(34,'卢意','生产技术部','技术管理','铸轧分厂+线材分厂','管5',3,2070,2090,-90.2,'2019-10',NULL,NULL,NULL),(35,'徐鹏','生产技术部','生产调度','铸轧分厂+线材分厂','管5',3,2070,1850,-79.80000000000001,'2019-10',NULL,NULL,NULL),(36,'徐建蛟','生产技术部','生产统计','铸轧分厂+线材分厂','管4',6,1940,1740,-75.1,'2019-10',NULL,NULL,NULL),(37,'程晓红','设备管理部','固定资产及能源','铸轧分厂+线材分厂','管6',5,2440,1850,-79.80000000000001,'2019-10',NULL,NULL,NULL),(38,'周宇皓','设备管理部','信息化管理','铸轧分厂+线材分厂','管5',4,2110,2170,-93.6,'2019-10',NULL,NULL,NULL),(39,'宋科兴','设备管理部','工程管理','铸轧分厂+线材分厂','管6',3,2340,1850,-79.80000000000001,'2019-10',NULL,NULL,NULL),(40,'吕苗','设备管理部','设备管理','铸轧分厂+线材分厂','管5',4,2110,1850,-79.80000000000001,'2019-10',NULL,NULL,NULL),(41,'郎新行','设备管理部','设备管理','铸轧分厂+线材分厂','管7',5,2740,1850,-79.80000000000001,'2019-10',NULL,NULL,NULL),(42,'郑洁','品质管理部','质管员','铸轧分厂','管5',5,2150,2090,4.7,'2019-10',NULL,NULL,NULL),(43,'吕建新','品质管理部','质管员','线材分厂','管5',3,2070,2090,-84.6,'2019-10',NULL,NULL,NULL),(44,'汤子龙','品质管理部','质管员','铸轧分厂','管5',3,2070,2090,4.7,'2019-10',NULL,NULL,NULL),(45,'王蕾','品质管理部','体系管理','铸轧分厂+线材分厂','管4',2,1780,1740,-75.1,'2019-10',NULL,NULL,NULL),(46,'王志宏','品质管理部','原料检验','铸轧分厂','操6',4,1740,1450,3.2,'2019-10',NULL,NULL,NULL),(47,'周燕','品质管理部','原料检验','铸轧分厂','操6',4,1740,1450,3.2,'2019-10',NULL,NULL,NULL),(48,'彭正菊','品质管理部','计量','铸轧分厂','操6',3,1700,1450,3.2,'2019-10',NULL,NULL,NULL),(49,'刘曦','品质管理部','计量','铸轧分厂','操6',5,1780,1450,3.2,'2019-10',NULL,NULL,NULL),(50,'吴书群','品质管理部','计量','铸轧分厂','操6',4,1740,1450,3.2,'2019-10',NULL,NULL,NULL),(51,'王胡兰','品质管理部','计量','铸轧分厂','操6',5,1780,1450,3.2,'2019-10',NULL,NULL,NULL),(52,'龙昭菲','品质管理部','计量','线材分厂','操6',5,1780,1625,-65.8,'2019-10',NULL,NULL,NULL),(53,'顾红莲','品质管理部','计量','线材分厂','操6',4,1740,1625,-65.8,'2019-10',NULL,NULL,NULL),(54,'邱芹','品质管理部','计量','线材分厂','操6',2,1660,1625,-65.8,'2019-10',NULL,NULL,NULL),(55,'符利平','品质管理部','计量','线材分厂','操6',4,1740,1625,-65.8,'2019-10',NULL,NULL,NULL),(56,'谢芒','品质管理部','计量','线材分厂','操6',6,1820,1625,-65.8,'2019-10',NULL,NULL,NULL),(57,'何文芳','品质管理部','计量','线材分厂','操6',5,1780,1625,-65.8,'2019-10',NULL,NULL,NULL),(58,'林丹','品质管理部','计量','线材分厂','操6',3,1700,1625,-65.8,'2019-10',NULL,NULL,NULL),(59,'姚雪琴','品质管理部','计量','线材分厂','操7',2,1760,1800,-72.8,'2019-10',NULL,NULL,NULL),(60,'张红娟','品质管理部','计量','线材分厂','操7',5,1880,1800,-72.8,'2019-10',NULL,NULL,NULL),(61,'杨小青','品质管理部','成品检验','线材分厂','操7',4,1840,1800,-72.8,'2019-10',NULL,NULL,NULL),(62,'刘雪华','品质管理部','成品检验','线材分厂','操7',4,1840,1800,-72.8,'2019-10',NULL,NULL,NULL),(63,'张黎英','品质管理部','成品检验','线材分厂','操7',4,1840,1800,-72.8,'2019-10',NULL,NULL,NULL),(64,'查秀芳','品质管理部','成品检验','线材分厂','操7',4,1840,1800,-72.8,'2019-10',NULL,NULL,NULL),(65,'叶美菁','人力资源部','人事管理','铸轧分厂+线材分厂','管5',4,2110,1850,-79.80000000000001,'2019-10',NULL,NULL,NULL),(66,'赵志平','人力资源部','绩效\\培训','铸轧分厂+线材分厂','管6',4,2390,1850,-79.80000000000001,'2019-10',NULL,NULL,NULL),(67,'李颖芳','党群工作部','工会干事','铸轧分厂+线材分厂','管6',5,2440,1740,-75.1,'2019-10',NULL,NULL,NULL),(68,'单贤斌','党群工作部','纪检干事','铸轧分厂+线材分厂','管6',5,2440,1740,-75.1,'2019-10',NULL,NULL,NULL),(69,'蔡晓华','党群工作部','工会干事','铸轧分厂+线材分厂','管4',3,1820,1740,-75.1,'2019-10',NULL,NULL,NULL),(70,'刘苗淼','党群工作部','组织干部管理','铸轧分厂+线材分厂','管4',2,1780,1740,-75.1,'2019-10',NULL,NULL,NULL),(71,'江伏琴','党群工作部','管理员','铸轧分厂+线材分厂','操1',5,1320,935,-40.4,'2019-10',NULL,NULL,NULL),(72,'么慧娟','财务管理部','会计','铸轧分厂+线材分厂','管6',5,2440,1850,-79.80000000000001,'2019-10',NULL,NULL,NULL),(73,'黎腊','财务管理部','会计','铸轧分厂+线材分厂','管6',4,2390,1850,-79.80000000000001,'2019-10',NULL,NULL,NULL),(74,'陆虹','财务管理部','出纳','铸轧分厂+线材分厂','管4',5,1900,1740,-75.1,'2019-10',NULL,NULL,NULL),(75,'张预','财务管理部','会计','铸轧分厂+线材分厂','管5',1,1990,1850,-79.80000000000001,'2019-10',NULL,NULL,NULL),(76,'李友金','财务管理部','会计','铸轧分厂+线材分厂','管5',4,2110,1850,-79.80000000000001,'2019-10',NULL,NULL,NULL),(77,'郑围文','财务管理部','会计','铸轧分厂+线材分厂','管5',1,1990,1480,-63.8,'2019-10',NULL,NULL,NULL),(78,'吴杨','财务管理部','会计','铸轧分厂+线材分厂','管5',1,1990,1480,-63.8,'2019-10',NULL,NULL,NULL),(79,'陈刚','总经理办','食堂管理','铸轧分厂+线材分厂','管4',4,1860,2025,-87.3,'2019-10',NULL,NULL,NULL),(80,'谢婵园','总经理办','文书','铸轧分厂+线材分厂','管5',3,2070,1740,-75.1,'2019-10',NULL,NULL,NULL),(81,'马政','总经理办','秘书','铸轧分厂+线材分厂','管5',3,2070,1850,-79.80000000000001,'2019-10',NULL,NULL,NULL),(82,'邓大庆','总经理办','保卫管理','铸轧分厂+线材分厂','管4',3,1820,1740,-75.1,'2019-10',NULL,NULL,NULL),(83,'彭凌','总经理办','后勤管理','铸轧分厂+线材分厂','管2',4,1460,1395,-60.1,'2019-10',NULL,NULL,NULL),(84,'黄兰生','总经理办','门卫','铸轧分厂+线材分厂','操6',5,1780,1625,-70.10000000000001,'2019-10',NULL,NULL,NULL),(85,'王悦民','总经理办','门卫','铸轧分厂+线材分厂','操6',3,1700,1625,-70.10000000000001,'2019-10',NULL,NULL,NULL),(86,'孙刚','总经理办','门卫','铸轧分厂+线材分厂','操6',5,1780,1625,-70.10000000000001,'2019-10',NULL,NULL,NULL),(87,'刘挺','总经理办','门卫','铸轧分厂+线材分厂','操6',3,1700,1625,-70.10000000000001,'2019-10',NULL,NULL,NULL),(88,'周建生','总经理办','门卫','铸轧分厂+线材分厂','操6',4,1740,1625,-70.10000000000001,'2019-10',NULL,NULL,NULL),(89,'陈磊','总经理办','门卫','铸轧分厂+线材分厂','操6',5,1780,1625,-70.10000000000001,'2019-10',NULL,NULL,NULL),(90,'袁忠','总经理办','门卫','铸轧分厂+线材分厂','操6',5,1780,1625,-70.10000000000001,'2019-10',NULL,NULL,NULL),(91,'吴润民','总经理办','门卫','铸轧分厂+线材分厂','操6',5,1780,1625,-70.10000000000001,'2019-10',NULL,NULL,NULL),(92,'龚利勇','总经理办','门卫','铸轧分厂+线材分厂','操6',5,1780,1625,-70.10000000000001,'2019-10',NULL,NULL,NULL),(93,'曾宪忠','总经理办','门卫','铸轧分厂+线材分厂','操6',5,1780,1625,-70.10000000000001,'2019-10',NULL,NULL,NULL),(94,'徐永新','总经理办','门卫','铸轧分厂+线材分厂','操6',5,1780,1625,-70.10000000000001,'2019-10',NULL,NULL,NULL),(95,'刘勇','总经理办','门卫','铸轧分厂+线材分厂','操6',5,1780,1625,-70.10000000000001,'2019-10',NULL,NULL,NULL),(96,'高长华','总经理办','门卫','铸轧分厂+线材分厂','操6',5,1780,1625,-70.10000000000001,'2019-10',NULL,NULL,NULL),(97,'温世华','总经理办','门卫','铸轧分厂+线材分厂','操6',5,1780,1625,-70.10000000000001,'2019-10',NULL,NULL,NULL),(98,'钟岸','总经理办','门卫','铸轧分厂+线材分厂','操6',4,1740,1625,-70.10000000000001,'2019-10',NULL,NULL,NULL),(99,'林伟忠','总经理办','门卫','铸轧分厂+线材分厂','操6',5,1780,1625,-70.10000000000001,'2019-10',NULL,NULL,NULL),(100,'徐汝太','总经理办','门卫','铸轧分厂+线材分厂','操6',5,1780,1625,-70.10000000000001,'2019-10',NULL,NULL,NULL),(101,'邹荣华','总经理办','门卫','铸轧分厂+线材分厂','操6',4,1740,1625,-70.10000000000001,'2019-10',NULL,NULL,NULL),(102,'杨中生','总经理办','门卫','铸轧分厂+线材分厂','操6',5,1780,1625,-70.10000000000001,'2019-10',NULL,NULL,NULL),(103,'戴海清','总经理办','临时事务车棚','铸轧分厂+线材分厂','操1',5,1320,1045,-45,'2019-10',NULL,NULL,NULL),(104,'杨智','总经理办','临时事务车棚','铸轧分厂+线材分厂','操1',5,1320,1045,-45,'2019-10',NULL,NULL,NULL),(105,'黄道','总经理办','临时事务车棚','铸轧分厂+线材分厂','操1',5,1320,1045,-45,'2019-10',NULL,NULL,NULL),(106,'陆志勇','总经理办','车棚看守','铸轧分厂+线材分厂','操6',5,1780,1625,-70.10000000000001,'2019-10',NULL,NULL,NULL),(107,'朱玲','总经理办','车棚看守','铸轧分厂+线材分厂','操1',4,1290,1045,-45,'2019-10',NULL,NULL,NULL),(108,'李云龙','总经理办','驾驶员','铸轧分厂+线材分厂','操7',5,1880,1625,-70.10000000000001,'2019-10',NULL,NULL,NULL),(109,'李建浩','总经理办','驾驶员','铸轧分厂+线材分厂','操7',5,1880,1625,-70.10000000000001,'2019-10',NULL,NULL,NULL),(110,'姜益民','总经理办','队长','铸轧分厂+线材分厂','管4',3,1820,2605,-112.39999999999999,'2019-10',NULL,NULL,NULL),(111,'黄剑斌','总经理办','驾驶员','铸轧分厂+线材分厂','操7',4,1840,1625,-70.10000000000001,'2019-10',NULL,NULL,NULL),(112,'袁才文','总经理办','驾驶员','铸轧分厂+线材分厂','操7',4,1840,1625,-70.10000000000001,'2019-10',NULL,NULL,NULL),(113,'黄玉','总经理办','驾驶员','铸轧分厂+线材分厂','操7',4,1840,1625,-70.10000000000001,'2019-10',NULL,NULL,NULL),(114,'刘建生','风控内审部','工程审计','铸轧分厂+线材分厂','管6',5,2440,2665,-114.9,'2019-10',NULL,NULL,NULL);

/*Table structure for table `emp_deptemployee` */

DROP TABLE IF EXISTS `emp_deptemployee`;

CREATE TABLE `emp_deptemployee` (
  `id` int(11) NOT NULL AUTO_INCREMENT COMMENT 'ID',
  `xingming` varchar(55) DEFAULT NULL COMMENT '姓名',
  `dept` varchar(55) DEFAULT NULL COMMENT '部门',
  `gangwei` varchar(55) DEFAULT NULL COMMENT '岗位',
  `guagoudanwei` varchar(55) DEFAULT NULL COMMENT '挂钩单位',
  `gangxu` varchar(55) DEFAULT NULL COMMENT '岗序',
  `dangci` int(11) DEFAULT NULL COMMENT '档次',
  `gangweigongzi` double DEFAULT NULL COMMENT '岗位工资',
  `jixiaogongzi` double DEFAULT NULL COMMENT '绩效工资',
  `guagoujine` double DEFAULT NULL COMMENT '挂钩金额',
  `beiyongziduan1` varchar(55) DEFAULT NULL COMMENT '备用字段1',
  `beiyongziduan2` varchar(55) DEFAULT NULL COMMENT '备用字段2',
  `beiyongziduan3` varchar(55) DEFAULT NULL COMMENT '备用字段3',
  `beiyongziduan4` varchar(55) DEFAULT NULL COMMENT '备用字段4',
  PRIMARY KEY (`id`)
) ENGINE=InnoDB AUTO_INCREMENT=115 DEFAULT CHARSET=utf8;

/*Data for the table `emp_deptemployee` */

insert  into `emp_deptemployee`(`id`,`xingming`,`dept`,`gangwei`,`guagoudanwei`,`gangxu`,`dangci`,`gangweigongzi`,`jixiaogongzi`,`guagoujine`,`beiyongziduan1`,`beiyongziduan2`,`beiyongziduan3`,`beiyongziduan4`) values (1,'刘俊','市场营销部','客户管理','线材分厂','管5',6,2190,1740,NULL,NULL,NULL,NULL,NULL),(2,'刘柏桢','市场营销部','关务员（兼综合管理）','铸轧分厂','管4',4,1860,1740,NULL,NULL,NULL,NULL,NULL),(3,'吴娇妮','市场营销部','综合管理','线材分厂','管4',5,1900,1565,NULL,NULL,NULL,NULL,NULL),(4,'邓小云','市场营销部','发货调度','线材分厂','管5',6,2190,1850,NULL,NULL,NULL,NULL,NULL),(5,'黄文涛','市场营销部','采购业务经理 ','线材分厂','管4',5,1900,1740,NULL,NULL,NULL,NULL,NULL),(6,'刘静','市场营销部','小线发货员','线材分厂','操5',3,1580,1510,NULL,NULL,NULL,NULL,NULL),(7,'刘佳佳','市场营销部','小线发货员','线材分厂','操5',2,1550,1510,NULL,NULL,NULL,NULL,NULL),(8,'李建军','市场营销部','小线发货员','线材分厂','操5',5,1640,1510,NULL,NULL,NULL,NULL,NULL),(9,'江玉兰','市场营销部','小线发货员','线材分厂','操5',4,1610,1510,NULL,NULL,NULL,NULL,NULL),(10,'饶碧英','市场营销部','小线发货员','线材分厂','操5',5,1640,1510,NULL,NULL,NULL,NULL,NULL),(11,'唐文胜','市场营销部','发货调度','铸轧分厂','管4',3,1820,1680,NULL,NULL,NULL,NULL,NULL),(12,'杨真云','市场营销部','发货调度','铸轧分厂','管4',3,1820,1680,NULL,NULL,NULL,NULL,NULL),(13,'万华琳','市场营销部','发货员','铸轧分厂','操5',3,1580,1450,NULL,NULL,NULL,NULL,NULL),(14,'杨艳麟','市场营销部','发货员','铸轧分厂','操5',4,1610,1450,NULL,NULL,NULL,NULL,NULL),(15,'陈云萍','市场营销部','发货员','铸轧分厂','操5',5,1640,1450,NULL,NULL,NULL,NULL,NULL),(16,'李莲芳','市场营销部','发货员','铸轧分厂','操5',5,1640,1450,NULL,NULL,NULL,NULL,NULL),(17,'汤利琼','市场营销部','发货员','铸轧分厂','操5',5,1640,1450,NULL,NULL,NULL,NULL,NULL),(18,'何晶晶','市场营销部','发货员','铸轧分厂','操5',3,1580,1450,NULL,NULL,NULL,NULL,NULL),(19,'徐志军','市场营销部','业务经理','铸轧分厂+线材分厂','管4',5,1900,1740,NULL,NULL,NULL,NULL,NULL),(20,'徐堡','市场营销部','业务经理','铸轧分厂+线材分厂','管5',3,2070,1740,NULL,NULL,NULL,NULL,NULL),(21,'程春香','市场营销部','核算员','铸轧分厂+线材分厂','管2',6,1540,1395,NULL,NULL,NULL,NULL,NULL),(22,'王未东','市场营销部','发货员','铸轧分厂','操5',5,1640,1450,NULL,NULL,NULL,NULL,NULL),(23,'陈仲林','物资供应部','仓库保管','铸轧分厂+线材分厂','操4',4,1530,1450,NULL,NULL,NULL,NULL,NULL),(24,'廖婷','物资供应部','仓库保管','铸轧分厂+线材分厂','操4',3,1500,1450,NULL,NULL,NULL,NULL,NULL),(25,'姜银华','物资供应部','仓库保管','铸轧分厂+线材分厂','操4',4,1530,1450,NULL,NULL,NULL,NULL,NULL),(26,'畅亚庆','物资供应部','仓库保管','铸轧分厂+线材分厂','操4',3,1500,1450,NULL,NULL,NULL,NULL,NULL),(27,'张贤军','物资供应部','仓库保管','铸轧分厂+线材分厂','操4',4,1530,1450,NULL,NULL,NULL,NULL,NULL),(28,'徐德辉','物资供应部','采购业务经理 ','铸轧分厂+线材分厂','管4',3,1820,1740,NULL,NULL,NULL,NULL,NULL),(29,'王军平','物资供应部','采购管理','铸轧分厂+线材分厂','管4',5,1900,1740,NULL,NULL,NULL,NULL,NULL),(30,'胡志强','物资供应部','采购业务经理 ','铸轧分厂+线材分厂','管4',5,1900,1740,NULL,NULL,NULL,NULL,NULL),(31,'王炼','物资供应部','采购业务经理 ','铸轧分厂+线材分厂','管4',3,1820,1740,NULL,NULL,NULL,NULL,NULL),(32,'张伟旗','生产技术部','科协干事','铸轧分厂+线材分厂','管7',5,2740,1740,NULL,NULL,NULL,NULL,NULL),(33,'马德江','生产技术部','安全环保','铸轧分厂+线材分厂','管7',5,2740,1850,NULL,NULL,NULL,NULL,NULL),(34,'卢意','生产技术部','技术管理','铸轧分厂+线材分厂','管5',3,2070,2090,NULL,NULL,NULL,NULL,NULL),(35,'徐鹏','生产技术部','生产调度','铸轧分厂+线材分厂','管5',3,2070,1850,NULL,NULL,NULL,NULL,NULL),(36,'徐建蛟','生产技术部','生产统计','铸轧分厂+线材分厂','管4',6,1940,1740,NULL,NULL,NULL,NULL,NULL),(37,'程晓红','设备管理部','固定资产及能源','铸轧分厂+线材分厂','管6',5,2440,1850,NULL,NULL,NULL,NULL,NULL),(38,'周宇皓','设备管理部','信息化管理','铸轧分厂+线材分厂','管5',4,2110,2170,NULL,NULL,NULL,NULL,NULL),(39,'宋科兴','设备管理部','工程管理','铸轧分厂+线材分厂','管6',3,2340,1850,NULL,NULL,NULL,NULL,NULL),(40,'吕苗','设备管理部','设备管理','铸轧分厂+线材分厂','管5',4,2110,1850,NULL,NULL,NULL,NULL,NULL),(41,'郎新行','设备管理部','设备管理','铸轧分厂+线材分厂','管7',5,2740,1850,NULL,NULL,NULL,NULL,NULL),(42,'郑洁','品质管理部','质管员','铸轧分厂','管5',5,2150,2090,NULL,NULL,NULL,NULL,NULL),(43,'吕建新','品质管理部','质管员','线材分厂','管5',3,2070,2090,NULL,NULL,NULL,NULL,NULL),(44,'汤子龙','品质管理部','质管员','铸轧分厂','管5',3,2070,2090,NULL,NULL,NULL,NULL,NULL),(45,'王蕾','品质管理部','体系管理','铸轧分厂+线材分厂','管4',2,1780,1740,NULL,NULL,NULL,NULL,NULL),(46,'王志宏','品质管理部','原料检验','铸轧分厂','操6',4,1740,1450,NULL,NULL,NULL,NULL,NULL),(47,'周燕','品质管理部','原料检验','铸轧分厂','操6',4,1740,1450,NULL,NULL,NULL,NULL,NULL),(48,'彭正菊','品质管理部','计量','铸轧分厂','操6',3,1700,1450,NULL,NULL,NULL,NULL,NULL),(49,'刘曦','品质管理部','计量','铸轧分厂','操6',5,1780,1450,NULL,NULL,NULL,NULL,NULL),(50,'吴书群','品质管理部','计量','铸轧分厂','操6',4,1740,1450,NULL,NULL,NULL,NULL,NULL),(51,'王胡兰','品质管理部','计量','铸轧分厂','操6',5,1780,1450,NULL,NULL,NULL,NULL,NULL),(52,'龙昭菲','品质管理部','计量','线材分厂','操6',5,1780,1625,NULL,NULL,NULL,NULL,NULL),(53,'顾红莲','品质管理部','计量','线材分厂','操6',4,1740,1625,NULL,NULL,NULL,NULL,NULL),(54,'邱芹','品质管理部','计量','线材分厂','操6',2,1660,1625,NULL,NULL,NULL,NULL,NULL),(55,'符利平','品质管理部','计量','线材分厂','操6',4,1740,1625,NULL,NULL,NULL,NULL,NULL),(56,'谢芒','品质管理部','计量','线材分厂','操6',6,1820,1625,NULL,NULL,NULL,NULL,NULL),(57,'何文芳','品质管理部','计量','线材分厂','操6',5,1780,1625,NULL,NULL,NULL,NULL,NULL),(58,'林丹','品质管理部','计量','线材分厂','操6',3,1700,1625,NULL,NULL,NULL,NULL,NULL),(59,'姚雪琴','品质管理部','计量','线材分厂','操7',2,1760,1800,NULL,NULL,NULL,NULL,NULL),(60,'张红娟','品质管理部','计量','线材分厂','操7',5,1880,1800,NULL,NULL,NULL,NULL,NULL),(61,'杨小青','品质管理部','成品检验','线材分厂','操7',4,1840,1800,NULL,NULL,NULL,NULL,NULL),(62,'刘雪华','品质管理部','成品检验','线材分厂','操7',4,1840,1800,NULL,NULL,NULL,NULL,NULL),(63,'张黎英','品质管理部','成品检验','线材分厂','操7',4,1840,1800,NULL,NULL,NULL,NULL,NULL),(64,'查秀芳','品质管理部','成品检验','线材分厂','操7',4,1840,1800,NULL,NULL,NULL,NULL,NULL),(65,'叶美菁','人力资源部','人事管理','铸轧分厂+线材分厂','管5',4,2110,1850,NULL,NULL,NULL,NULL,NULL),(66,'赵志平','人力资源部','绩效\\培训','铸轧分厂+线材分厂','管6',4,2390,1850,NULL,NULL,NULL,NULL,NULL),(67,'李颖芳','党群工作部','工会干事','铸轧分厂+线材分厂','管6',5,2440,1740,NULL,NULL,NULL,NULL,NULL),(68,'单贤斌','党群工作部','纪检干事','铸轧分厂+线材分厂','管6',5,2440,1740,NULL,NULL,NULL,NULL,NULL),(69,'蔡晓华','党群工作部','工会干事','铸轧分厂+线材分厂','管4',3,1820,1740,NULL,NULL,NULL,NULL,NULL),(70,'刘苗淼','党群工作部','组织干部管理','铸轧分厂+线材分厂','管4',2,1780,1740,NULL,NULL,NULL,NULL,NULL),(71,'江伏琴','党群工作部','管理员','铸轧分厂+线材分厂','操1',5,1320,935,NULL,NULL,NULL,NULL,NULL),(72,'么慧娟','财务管理部','会计','铸轧分厂+线材分厂','管6',5,2440,1850,NULL,NULL,NULL,NULL,NULL),(73,'黎腊','财务管理部','会计','铸轧分厂+线材分厂','管6',4,2390,1850,NULL,NULL,NULL,NULL,NULL),(74,'陆虹','财务管理部','出纳','铸轧分厂+线材分厂','管4',5,1900,1740,NULL,NULL,NULL,NULL,NULL),(75,'张预','财务管理部','会计','铸轧分厂+线材分厂','管5',1,1990,1850,NULL,NULL,NULL,NULL,NULL),(76,'李友金','财务管理部','会计','铸轧分厂+线材分厂','管5',4,2110,1850,NULL,NULL,NULL,NULL,NULL),(77,'郑围文','财务管理部','会计','铸轧分厂+线材分厂','管5',1,1990,1480,NULL,NULL,NULL,NULL,NULL),(78,'吴杨','财务管理部','会计','铸轧分厂+线材分厂','管5',1,1990,1480,NULL,NULL,NULL,NULL,NULL),(79,'陈刚','总经理办','食堂管理','铸轧分厂+线材分厂','管4',4,1860,2025,NULL,NULL,NULL,NULL,NULL),(80,'谢婵园','总经理办','文书','铸轧分厂+线材分厂','管5',3,2070,1740,NULL,NULL,NULL,NULL,NULL),(81,'马政','总经理办','秘书','铸轧分厂+线材分厂','管5',3,2070,1850,NULL,NULL,NULL,NULL,NULL),(82,'邓大庆','总经理办','保卫管理','铸轧分厂+线材分厂','管4',3,1820,1740,NULL,NULL,NULL,NULL,NULL),(83,'彭凌','总经理办','后勤管理','铸轧分厂+线材分厂','管2',4,1460,1395,NULL,NULL,NULL,NULL,NULL),(84,'黄兰生','总经理办','门卫','铸轧分厂+线材分厂','操6',5,1780,1625,NULL,NULL,NULL,NULL,NULL),(85,'王悦民','总经理办','门卫','铸轧分厂+线材分厂','操6',3,1700,1625,NULL,NULL,NULL,NULL,NULL),(86,'孙刚','总经理办','门卫','铸轧分厂+线材分厂','操6',5,1780,1625,NULL,NULL,NULL,NULL,NULL),(87,'刘挺','总经理办','门卫','铸轧分厂+线材分厂','操6',3,1700,1625,NULL,NULL,NULL,NULL,NULL),(88,'周建生','总经理办','门卫','铸轧分厂+线材分厂','操6',4,1740,1625,NULL,NULL,NULL,NULL,NULL),(89,'陈磊','总经理办','门卫','铸轧分厂+线材分厂','操6',5,1780,1625,NULL,NULL,NULL,NULL,NULL),(90,'袁忠','总经理办','门卫','铸轧分厂+线材分厂','操6',5,1780,1625,NULL,NULL,NULL,NULL,NULL),(91,'吴润民','总经理办','门卫','铸轧分厂+线材分厂','操6',5,1780,1625,NULL,NULL,NULL,NULL,NULL),(92,'龚利勇','总经理办','门卫','铸轧分厂+线材分厂','操6',5,1780,1625,NULL,NULL,NULL,NULL,NULL),(93,'曾宪忠','总经理办','门卫','铸轧分厂+线材分厂','操6',5,1780,1625,NULL,NULL,NULL,NULL,NULL),(94,'徐永新','总经理办','门卫','铸轧分厂+线材分厂','操6',5,1780,1625,NULL,NULL,NULL,NULL,NULL),(95,'刘勇','总经理办','门卫','铸轧分厂+线材分厂','操6',5,1780,1625,NULL,NULL,NULL,NULL,NULL),(96,'高长华','总经理办','门卫','铸轧分厂+线材分厂','操6',5,1780,1625,NULL,NULL,NULL,NULL,NULL),(97,'温世华','总经理办','门卫','铸轧分厂+线材分厂','操6',5,1780,1625,NULL,NULL,NULL,NULL,NULL),(98,'钟岸','总经理办','门卫','铸轧分厂+线材分厂','操6',4,1740,1625,NULL,NULL,NULL,NULL,NULL),(99,'林伟忠','总经理办','门卫','铸轧分厂+线材分厂','操6',5,1780,1625,NULL,NULL,NULL,NULL,NULL),(100,'徐汝太','总经理办','门卫','铸轧分厂+线材分厂','操6',5,1780,1625,NULL,NULL,NULL,NULL,NULL),(101,'邹荣华','总经理办','门卫','铸轧分厂+线材分厂','操6',4,1740,1625,NULL,NULL,NULL,NULL,NULL),(102,'杨中生','总经理办','门卫','铸轧分厂+线材分厂','操6',5,1780,1625,NULL,NULL,NULL,NULL,NULL),(103,'戴海清','总经理办','临时事务车棚','铸轧分厂+线材分厂','操1',5,1320,1045,NULL,NULL,NULL,NULL,NULL),(104,'杨智','总经理办','临时事务车棚','铸轧分厂+线材分厂','操1',5,1320,1045,NULL,NULL,NULL,NULL,NULL),(105,'黄道','总经理办','临时事务车棚','铸轧分厂+线材分厂','操1',5,1320,1045,NULL,NULL,NULL,NULL,NULL),(106,'陆志勇','总经理办','车棚看守','铸轧分厂+线材分厂','操6',5,1780,1625,NULL,NULL,NULL,NULL,NULL),(107,'朱玲','总经理办','车棚看守','铸轧分厂+线材分厂','操1',4,1290,1045,NULL,NULL,NULL,NULL,NULL),(108,'李云龙','总经理办','驾驶员','铸轧分厂+线材分厂','操7',5,1880,1625,NULL,NULL,NULL,NULL,NULL),(109,'李建浩','总经理办','驾驶员','铸轧分厂+线材分厂','操7',5,1880,1625,NULL,NULL,NULL,NULL,NULL),(110,'姜益民','总经理办','队长','铸轧分厂+线材分厂','管4',3,1820,2605,NULL,NULL,NULL,NULL,NULL),(111,'黄剑斌','总经理办','驾驶员','铸轧分厂+线材分厂','操7',4,1840,1625,NULL,NULL,NULL,NULL,NULL),(112,'袁才文','总经理办','驾驶员','铸轧分厂+线材分厂','操7',4,1840,1625,NULL,NULL,NULL,NULL,NULL),(113,'黄玉','总经理办','驾驶员','铸轧分厂+线材分厂','操7',4,1840,1625,NULL,NULL,NULL,NULL,NULL),(114,'刘建生','风控内审部','工程审计','铸轧分厂+线材分厂','管6',5,2440,2665,NULL,NULL,NULL,NULL,NULL);

/*Table structure for table `kpi_detailedrule_result` */

DROP TABLE IF EXISTS `kpi_detailedrule_result`;

CREATE TABLE `kpi_detailedrule_result` (
  `id` int(11) NOT NULL AUTO_INCREMENT,
  `kaoheyuefen` varchar(55) DEFAULT NULL,
  `beikaohedanwei` varchar(55) DEFAULT NULL,
  `kaoheshiyou` varchar(255) DEFAULT NULL,
  `kaohejine` double DEFAULT NULL,
  `kaohedanwei` varchar(55) DEFAULT NULL,
  `status` int(11) DEFAULT NULL,
  `xiangmumingcheng` varchar(55) DEFAULT NULL,
  PRIMARY KEY (`id`)
) ENGINE=InnoDB AUTO_INCREMENT=13 DEFAULT CHARSET=utf8;

/*Data for the table `kpi_detailedrule_result` */

insert  into `kpi_detailedrule_result`(`id`,`kaoheyuefen`,`beikaohedanwei`,`kaoheshiyou`,`kaohejine`,`kaohedanwei`,`status`,`xiangmumingcheng`) values (1,'2019-10','铸轧分厂','111111',-100,'人力资源部',NULL,'安全管理'),(3,'2019-10','线材分厂','3333333333',100,'人力资源部',NULL,'222'),(4,'2019-10','苏州分公司','4444444444',22,'人力资源部',NULL,'22'),(5,'2019-10','市场营销部','111111111市场营销部',1111,'人力资源部',NULL,'1111'),(7,'2019-10','铸轧分厂','2222',-111,'人力资源部',NULL,'8888'),(8,'2019-10','3','222',222,'人力资源部',NULL,'22222'),(10,'2019-10','苏州分公司','11111111',1111,'人力资源部',NULL,'111111111111'),(11,'2019-10','人力资源部','1111111111',1,'人力资源部',NULL,'11111111'),(12,'2019-10','总经理办','111111111',23333,'人力资源部',NULL,'122223');

/*Table structure for table `kpi_performance_init` */

DROP TABLE IF EXISTS `kpi_performance_init`;

CREATE TABLE `kpi_performance_init` (
  `id` bigint(20) NOT NULL AUTO_INCREMENT,
  `beikaohedanwei` varchar(255) DEFAULT NULL,
  `beizhu` longtext,
  `biaozhun` varchar(255) DEFAULT NULL,
  `caozuofu` varchar(255) DEFAULT NULL,
  `danwei` varchar(255) DEFAULT NULL,
  `kaohedanwei` varchar(255) DEFAULT NULL,
  `kaohejieguo` double DEFAULT NULL,
  `kaohexiangmu` varchar(255) DEFAULT NULL,
  `kaoheyuefen` varchar(255) DEFAULT NULL,
  `mubiaozhi` double DEFAULT NULL,
  `shijizhi` double DEFAULT NULL,
  `zhouqi` varchar(255) DEFAULT NULL,
  `status` int(11) DEFAULT NULL,
  PRIMARY KEY (`id`)
) ENGINE=MyISAM AUTO_INCREMENT=204 DEFAULT CHARSET=utf8;

/*Data for the table `kpi_performance_init` */

insert  into `kpi_performance_init`(`id`,`beikaohedanwei`,`beizhu`,`biaozhun`,`caozuofu`,`danwei`,`kaohedanwei`,`kaohejieguo`,`kaohexiangmu`,`kaoheyuefen`,`mubiaozhi`,`shijizhi`,`zhouqi`,`status`) values (1,'铸轧分厂',NULL,'100','(y-x)*5.2','%','生产技术部',NULL,'scr生产计划完成率',NULL,28000,NULL,'月',1),(2,'铸轧分厂',NULL,'100','(y-x)*3','%','生产技术部',123,'大拉生产计划完成率',NULL,8200,1,'月',2),(3,'铸轧分厂',NULL,'204','(y-x)*16000','元/ t','财务管理部',NULL,'SCR3000成本',NULL,NULL,NULL,'季',3),(4,'铸轧分厂',NULL,'196','(y-x)*12000','元/ t','财务管理部',NULL,'SCR4500成本',NULL,NULL,NULL,'季',4),(5,'铸轧分厂',NULL,'125','(y-x)*8200','元/ t','财务管理部',NULL,'大拉责任成本',NULL,NULL,NULL,'季',5),(6,'铸轧分厂',NULL,'0.22','(y-x)*1000','‰','品质管理部',NULL,'铜杆线退货率',NULL,NULL,NULL,'月',6),(7,'铸轧分厂',NULL,'9','(y-x)*1000','起','品质管理部',NULL,'铜杆线责任投诉起数',NULL,NULL,NULL,'月',7),(8,'铸轧分厂',NULL,'81','(y-x)*200','%','品质管理部',NULL,'铜杆一二级品率',NULL,NULL,NULL,'月',8),(9,'铸轧分厂',NULL,'0.1','(y-x)*50','%','品质管理部',NULL,'转发',NULL,NULL,NULL,'月',9),(10,'铸轧分厂',NULL,'0.23','(y-x)*200','%','品质管理部',NULL,'工艺废杆线',NULL,NULL,NULL,'月',10),(11,'铸轧分厂',NULL,'12','1*-200','个','生产技术部',NULL,'万米粒子数',NULL,NULL,NULL,'月',11),(12,'铸轧分厂',NULL,'0.17','(y-x)*200','%','品质管理部',NULL,'五级杆',NULL,NULL,NULL,'月',12),(13,'铸轧分厂',NULL,'0','(x-y)*5','吨','市场营销部',NULL,'因设备、质量,供货不及时影响订单',NULL,NULL,NULL,'月',13),(14,'铸轧分厂',NULL,'91','(y-x)*500','%','生产技术部',NULL,'SCR3000台效',NULL,NULL,NULL,'月',14),(15,'铸轧分厂',NULL,'90','(y-x)*500','%','生产技术部',NULL,'SCR4500台效',NULL,NULL,NULL,'月',15),(16,'铸轧分厂',NULL,'50','(y-x)*100','小时','设备管理部',NULL,'主要设备故障停机',NULL,NULL,NULL,'月',16),(17,'铸轧分厂',NULL,'99.5','(y-x)*100','%','设备管理部',NULL,'司控设备完好率',NULL,NULL,NULL,'月',17),(18,'铸轧分厂',NULL,'94.5','(y-x)*100','%','设备管理部',NULL,'预防维修实现率',NULL,NULL,NULL,'月',18),(19,'铸轧分厂',NULL,'0','1*0','起','设备管理部',NULL,'重大设备事故',NULL,NULL,NULL,'月',19),(20,'铸轧分厂',NULL,'44','(x-y)/x*200','m3/t','设备管理部',NULL,'SCR3000天然气',NULL,NULL,NULL,'季',20),(21,'铸轧分厂',NULL,'41.4','(x-y)/x*200','m3/t','设备管理部',NULL,'SCR4500天然气',NULL,NULL,NULL,'季',21),(22,'铸轧分厂',NULL,'64.4','(x-y)/x*200','度/t','设备管理部',NULL,'SCR3000电单耗',NULL,NULL,NULL,'季',22),(23,'铸轧分厂',NULL,'69','(x-y)/x*200','度/t','设备管理部',NULL,'SCR4500电单耗',NULL,NULL,NULL,'季',23),(24,'铸轧分厂',NULL,'146.3','(x-y)/x*200','度/t','设备管理部',NULL,'大拉电单耗',NULL,NULL,NULL,'季',24),(25,'铸轧分厂',NULL,'0','(y-x)*500','次','生产技术部',NULL,'排产计划完成率',NULL,NULL,NULL,'月',25),(26,'铸轧分厂',NULL,'0','(y-x)*200','吨','生产技术部',NULL,'金属物料零损失',NULL,NULL,NULL,'季',26),(27,'铸轧分厂',NULL,'1','(y-x)*500','次','生产技术部',NULL,'工序平衡',NULL,NULL,NULL,'月',27),(28,'铸轧分厂',NULL,'90','1*0','%','物资供应部',NULL,'采购计划使用率',NULL,NULL,NULL,'月',28),(29,'铸轧分厂',NULL,'100','(y-x)*100','%','生产技术部',NULL,'材料、备件计划准确率',NULL,NULL,NULL,'月',29),(30,'铸轧分厂',NULL,'980','(y-x)/x*50','元/吨','财务管理部',NULL,'废乳液站单位成本',NULL,NULL,NULL,'季',30),(31,'线材分厂',NULL,'100','(y-x)*32.9','%','生产技术部',NULL,'细线生产计划完成率',NULL,2200,NULL,'月',31),(32,'线材分厂',NULL,'单耗锁定成本','(y-x)*2200','元/t','品质管理部',NULL,'预算责任成本',NULL,NULL,NULL,'季',32),(33,'线材分厂',NULL,'0.9','(y-x)*-2000','‰','品质管理部',NULL,'细线退货率',NULL,NULL,NULL,'月',33),(34,'线材分厂',NULL,'5','(y-x)*1000','次','品质管理部',NULL,'细线投诉',NULL,NULL,NULL,'月',34),(35,'线材分厂',NULL,'3','(y-x)*1000','‰','品质管理部',NULL,'上引杆线退货率',NULL,NULL,NULL,'月',35),(36,'线材分厂',NULL,'2','(y-x)*1000','次','品质管理部',NULL,'上引杆线投诉',NULL,NULL,NULL,'月',36),(37,'线材分厂',NULL,'1.5','(y-x)*200','%','品质管理部',NULL,'工艺废线量',NULL,NULL,NULL,'季',37),(38,'线材分厂',NULL,'0','(y-x)*(-10)','吨','市场营销部',NULL,'因设备、质量,供货不及时影响订单',NULL,NULL,NULL,'月',38),(39,'线材分厂',NULL,'15','(y-x)*100','小时','设备管理部',NULL,'主要设备故障停机',NULL,NULL,NULL,'月',39),(40,'线材分厂',NULL,'99.5','(y-x)*100','%','设备管理部',NULL,'司控设备完好率',NULL,NULL,NULL,'月',40),(41,'线材分厂',NULL,'94','(y-x)*100','%','设备管理部',NULL,'预防维修实现率',NULL,NULL,NULL,'月',41),(42,'线材分厂',NULL,'0','1*0','起','设备管理部',NULL,'重大设备事故',NULL,NULL,NULL,'月',42),(43,'线材分厂',NULL,'H44','(x-y)/x*200','度/t','设备管理部',NULL,'上引电单耗',NULL,NULL,NULL,'季',43),(44,'线材分厂',NULL,'H45','(x-y)/x*200','度/t','设备管理部',NULL,'大拉电单耗',NULL,NULL,NULL,'季',44),(45,'线材分厂',NULL,'H46','(x-y)/x*200','度/t','设备管理部',NULL,'中拉电单耗',NULL,NULL,NULL,'季',45),(46,'线材分厂',NULL,'H47','(x-y)/x*200','度/t','设备管理部',NULL,'小拉电单耗',NULL,NULL,NULL,'季',46),(47,'线材分厂',NULL,'H48','(x-y)/x*200','度/t','设备管理部',NULL,'双头拉电单耗',NULL,NULL,NULL,'季',47),(48,'线材分厂',NULL,'H49','(x-y)/x*200','度/t','设备管理部',NULL,'镀锡电单耗',NULL,NULL,NULL,'季',48),(49,'线材分厂',NULL,'H50','(x-y)/x*200','度/t','设备管理部',NULL,'复绕电单耗',NULL,NULL,NULL,'季',49),(50,'线材分厂',NULL,'8.04','(x-y)/x*1000/4*3','kg/t','财务管理部',NULL,'锡单耗',NULL,NULL,NULL,'月',50),(51,'线材分厂',NULL,'0','(y-x)*200','吨','生产技术部',NULL,'金属物料零损失',NULL,NULL,NULL,'季',51),(52,'线材分厂',NULL,'1','(y-x)*500','次','生产技术部',NULL,'工序平衡',NULL,NULL,NULL,'月',52),(53,'线材分厂',NULL,'90','0*0','%','物资供应部',NULL,'采购计划使用率',NULL,NULL,NULL,'月',53),(54,'线材分厂',NULL,'500','1*-500','吨','生产技术部',NULL,'金属物料占用',NULL,NULL,NULL,'月',54),(55,'线材分厂',NULL,'0','(y-x)*100','项','生产技术部',NULL,'材料、备件计划准确率',NULL,NULL,NULL,'月',55),(56,'苏州分公司',NULL,'100','(y-x)/x*0.3125*35133','%','生产技术部',NULL,'并绞线生产计划完成率',NULL,833,NULL,'月',56),(57,'苏州分公司',NULL,'494','(x-y)*833*0.1','元/t','财务管理部',NULL,'并线预算责任成本',NULL,NULL,NULL,'季',57),(58,'苏州分公司',NULL,'226','(x-y)*833*0.1','元/t','财务管理部',NULL,'绞线预算责任成本',NULL,NULL,NULL,'季',58),(59,'苏州分公司',NULL,'1','(y-x)*500','‰','品质管理部',NULL,'退货率',NULL,NULL,NULL,'月',59),(60,'苏州分公司',NULL,'4','(y-x)*200','次','品质管理部',NULL,'投诉',NULL,NULL,NULL,'月',60),(61,'苏州分公司',NULL,'1','(y-x)*500','%','品质管理部',NULL,'废线量',NULL,NULL,NULL,'月',61),(62,'苏州分公司',NULL,'0','(y-x)*10','吨','市场营销部',NULL,'因设备、质量,供货不及时影响订单',NULL,NULL,NULL,'月',62),(63,'苏州分公司',NULL,'25','(y-x)*50','小时/台','设备管理部',NULL,'多头拉设备故障停机时间',NULL,NULL,NULL,'月',63),(64,'苏州分公司',NULL,'100','(y-x)*100','%','设备管理部',NULL,'主要设备完好率',NULL,NULL,NULL,'月',64),(65,'苏州分公司',NULL,'520','(x-y)/x*20','度/t','设备管理部',NULL,'多头拉电单耗',NULL,NULL,NULL,'季',65),(66,'苏州分公司',NULL,'194','(x-y)/x*20','度/t','设备管理部',NULL,'绞线电单耗',NULL,NULL,NULL,'季',66),(67,'苏州分公司',NULL,'0','(y-x)*200','t','生产技术部',NULL,'金属物料平衡',NULL,NULL,NULL,'季',67),(68,'苏州分公司',NULL,'260','1*-500','吨','生产技术部',NULL,'金属物料占用',NULL,NULL,NULL,'月',68),(69,'苏州分公司',NULL,'0','(y-x)*100','天','市场营销部',NULL,'按期交货',NULL,NULL,NULL,'月',69),(70,'市场营销部',NULL,'100','(y-x)/x*0.625*29695','%','生产技术部',NULL,'分厂生产计划完成率',NULL,NULL,NULL,'月',70),(71,'市场营销部',NULL,'100','(y-x)*100*100','%','财务管理部',NULL,'货款回笼率',NULL,NULL,NULL,'月',71),(72,'市场营销部',NULL,'0','0/20*1000','万元','财务管理部',NULL,'期现结合原料运作效益',NULL,NULL,NULL,'年',72),(73,'市场营销部',NULL,'100','(y-x)*5','%','铸轧分厂',NULL,'产品入库及时性',NULL,NULL,NULL,'月',73),(74,'市场营销部',NULL,'0','(y-x)*200','吨','生产技术部',NULL,'金属物料供应',NULL,NULL,NULL,'月',74),(75,'市场营销部',NULL,'50','(y-x)*1','吨','铸轧分厂',NULL,'电铜供应均衡',NULL,NULL,NULL,'月',75),(76,'市场营销部',NULL,'0','(y-x)*100','次','铸轧分厂',NULL,'废旧物资处理不及时',NULL,NULL,NULL,'月',76),(77,'市场营销部',NULL,'/','1*y','元','财务管理部',NULL,'预收货款',NULL,NULL,NULL,'月',77),(78,'市场营销部',NULL,'430','1*-500','吨','生产技术部',NULL,'金属物料占用',NULL,NULL,NULL,'月',78),(79,'市场营销部',NULL,'100','(y-x)*10','%','财务管理部',NULL,'细线销售计划完成率',NULL,NULL,NULL,'季',79),(80,'市场营销部',NULL,'100','(y-x)*20','%','财务管理部',NULL,'并绞线销售计划完成率',NULL,NULL,NULL,'季',80),(81,'市场营销部',NULL,'100','(y-x)*500','%','财务管理部',NULL,'微细线计划完成率',NULL,NULL,NULL,'季',81),(82,'市场营销部',NULL,'100','1*-1000','%','财务管理部',NULL,'货款回笼',NULL,NULL,NULL,'月',82),(83,'市场营销部',NULL,'100','(y-x)/10*1000','元','财务管理部',NULL,'加工加价盈利',NULL,NULL,NULL,'年',83),(84,'市场营销部',NULL,'95','(y-x)*4','%','品质管理部',NULL,'P15线轴回收',NULL,NULL,NULL,'双月',84),(85,'市场营销部',NULL,'95','(y-x)*4','%','品质管理部',NULL,'P10线轴回收',NULL,NULL,NULL,'双月',85),(86,'市场营销部',NULL,'95','(y-x)*2','%','品质管理部',NULL,'小轴线轴回收',NULL,NULL,NULL,'双月',86),(87,'市场营销部',NULL,'85','(y-x)*10','%','品质管理部',NULL,'可用木托盘回收',NULL,NULL,NULL,'双月',87),(88,'市场营销部',NULL,'100','(y-x)*1000','%','品质管理部',NULL,'铁轴回收',NULL,NULL,NULL,'月',88),(89,'市场营销部',NULL,'90','(y-x)*200','%','品质管理部',NULL,'线轴可用率',NULL,NULL,NULL,'双月',89),(90,'市场营销部',NULL,'100','1*-100','%','财务管理部',NULL,'票据证明及时性',NULL,NULL,NULL,'月',90),(91,'市场营销部',NULL,'0','1*0','t　','品质管理部',NULL,'退货',NULL,NULL,NULL,'月',91),(92,'物资供应部',NULL,'100','(y-x)/x*0.625*14210','%','生产技术部',NULL,'分厂生产计划完成率',NULL,NULL,NULL,'月',92),(93,'物资供应部',NULL,'≤集团公司目标值','(y-x)/50*100','万元','财务管理部',NULL,'材料、备件储备资金占用',NULL,NULL,NULL,'月',93),(94,'物资供应部',NULL,'98','(y-x)*200','%','铸轧分厂',NULL,'铸轧自购物资到货率',NULL,NULL,NULL,'月',94),(95,'物资供应部',NULL,'98','(y-x)*200','%','线材分厂',NULL,'线材自购物资到货率',NULL,NULL,NULL,'月',95),(96,'物资供应部',NULL,'100','(y-x)*200','%','铸轧分厂',NULL,'铸轧自购物资合格率',NULL,NULL,NULL,'月',96),(97,'物资供应部',NULL,'100','(y-x)*200','%','线材分厂',NULL,'线材自购物资合格率',NULL,NULL,NULL,'月',97),(98,'物资供应部',NULL,'0','(y-x)*100','起','铸轧分厂',NULL,'铸轧采购验收质量投诉',NULL,NULL,NULL,'月',98),(99,'物资供应部',NULL,'0','(y-x)*100','起','线材分厂',NULL,'线材采购验收质量投诉',NULL,NULL,NULL,'月',99),(100,'物资供应部',NULL,'0','(y-x)*1000','次','铸轧分厂',NULL,'供应影响生产、检修',NULL,NULL,NULL,'月',100),(101,'物资供应部',NULL,'0','(y-x)*500','%','设备管理部',NULL,'固定资产投资项目核消',NULL,NULL,NULL,'月',101),(102,'物资供应部',NULL,'0','(y-x)*200','%','铸轧分厂',NULL,'大宗物资验收',NULL,NULL,NULL,'月',102),(103,'物资供应部',NULL,'0','(y-x)*100','件','设备管理部',NULL,'进口备件采购期',NULL,NULL,NULL,'月',103),(104,'物资供应部',NULL,'0','(y-x)*100','%','设备管理部',NULL,'月修加工急件',NULL,NULL,NULL,'月',104),(105,'物资供应部',NULL,'一个月','(y-x)*200','项','生产技术部',NULL,'新材料评审周期',NULL,NULL,NULL,'月',105),(106,'物资供应部',NULL,'0','(y-x)*100','%','铸轧分厂',NULL,'代储物资验收',NULL,NULL,NULL,'月',106),(107,'物资供应部',NULL,'0','(y-x)*100','%','铸轧分厂',NULL,'采购合同履行',NULL,NULL,NULL,'月',107),(108,'物资供应部',NULL,'0','(y-x)*100','%','财务管理部',NULL,'账卡物相符情况',NULL,NULL,NULL,'季',108),(109,'物资供应部',NULL,'5','(y-x)*200','%','财务管理部',NULL,'平均采购单价下降达成率',NULL,NULL,NULL,'年',109),(110,'物资供应部',NULL,'公司确定','(y-x)*200','项','人力资源部',NULL,'降低单一采购项目',NULL,NULL,NULL,'年',110),(111,'生产技术部',NULL,'100','(y-x)/x*0.625*9270','%','生产技术部',NULL,'分厂生产计划完成率',NULL,NULL,NULL,'月',111),(112,'生产技术部',NULL,'0','(y-x)*200','次','人力资源部',NULL,'生产计划管理',NULL,NULL,NULL,'月',112),(113,'生产技术部',NULL,'≧4','(y-x)*100','起','人力资源部',NULL,'工艺技术管理',NULL,NULL,NULL,'月',113),(114,'生产技术部',NULL,'0','0*1','起','人力资源部',NULL,'安全环保管理',NULL,NULL,NULL,'月',114),(115,'生产技术部',NULL,'19.5','1*200','%','财务管理部',NULL,'简易包装量',NULL,NULL,NULL,'月',115),(116,'生产技术部',NULL,'100','(y-x)*-100','%','人力资源部',NULL,'分厂材料计划准确率',NULL,NULL,NULL,'月',116),(117,'生产技术部',NULL,'1','(y-x)*-200','起','人力资源部',NULL,'金属物料零损失考核',NULL,NULL,NULL,'月',117),(118,'生产技术部',NULL,'0','(y-x)*-200','起','财务管理部',NULL,'统计报表',NULL,NULL,NULL,'月',118),(119,'生产技术部',NULL,'≦3','(y-x)*-200','次','市场营销部',NULL,'技术评审',NULL,NULL,NULL,'月',119),(120,'生产技术部',NULL,'0','(y-x)*-200','次','市场营销部',NULL,'交货期考核',NULL,NULL,NULL,'月',120),(121,'生产技术部',NULL,'达标','(y-x)*-500','起','总经理办',NULL,'现场管理',NULL,NULL,NULL,'年',121),(122,'生产技术部',NULL,'75','(y-x)*-200','分','品质管理部',NULL,'环境与职业安全健康体系',NULL,NULL,NULL,'年',122),(123,'设备管理部',NULL,'100','(y-x)/x*0.625*9570','%','生产技术部',NULL,'分厂生产计划完成率',NULL,NULL,NULL,'月',123),(124,'设备管理部',NULL,'0','(y-x)*-200','起','铸轧分厂',NULL,'工程管理',NULL,NULL,NULL,'月',124),(125,'设备管理部',NULL,'0','(y-x)*-200','起','线材分厂',NULL,'工程管理',NULL,NULL,NULL,'月',125),(126,'设备管理部',NULL,'0','(y-x)*-200','起','人力资源部',NULL,'设备重大事故',NULL,NULL,NULL,'月',126),(127,'设备管理部',NULL,'0','(y-x)*-100','起','总经理办',NULL,'信息化管理',NULL,NULL,NULL,'月',127),(128,'设备管理部',NULL,'100','(y-x)*-200','%','铸轧分厂',NULL,'外协施工管理',NULL,NULL,NULL,'月',128),(129,'设备管理部',NULL,'100','(y-x)*-100','%','人力资源部',NULL,'分厂备件计划准确率',NULL,NULL,NULL,'月',129),(130,'设备管理部',NULL,'1','(y-x)*-200','次','人力资源部',NULL,'设备能源检查',NULL,NULL,NULL,'月',130),(131,'设备管理部',NULL,'0','(y-x)*-200','项','财务管理部',NULL,'大修季度完成情况',NULL,NULL,NULL,'季',131),(132,'设备管理部',NULL,'1','(y-x)*-200','起','人力资源部',NULL,'设备档案检查频次',NULL,NULL,NULL,'季',132),(133,'设备管理部',NULL,'75','(y-x)*-200','分','品质管理部',NULL,'能源管理体系',NULL,NULL,NULL,'年',133),(134,'设备管理部',NULL,'1','(y-x)*-200','次','铸轧分厂',NULL,'废旧设备处理',NULL,NULL,NULL,'年',134),(135,'设备管理部',NULL,'73','(y-x)*-200','%','人力资源部',NULL,'技改项目完成率',NULL,NULL,NULL,'年',135),(136,'设备管理部',NULL,'644','(y-x)/x*-200*100','万元','财务管理部',NULL,'大修费用控制',NULL,NULL,NULL,'年',136),(137,'品质管理部',NULL,'100','(y-x)/x*0.625*38885','%','生产技术部',NULL,'分厂生产计划完成率',NULL,NULL,NULL,'月',137),(138,'品质管理部',NULL,'0','(y-x)*-200','起','市场营销部',NULL,'质量和计量异议处理',NULL,NULL,NULL,'月',138),(139,'品质管理部',NULL,'0.25','(y-x)*400','‰','人力资源部',NULL,'综合退货率',NULL,NULL,NULL,'月',139),(140,'品质管理部',NULL,'0','(y-x)*-200','起','铸轧分厂',NULL,'原材料及产品检验',NULL,NULL,NULL,'月',140),(141,'品质管理部',NULL,'80','(y-x)*10','小时','铸轧分厂',NULL,'铁框回收',NULL,NULL,NULL,'月',141),(142,'品质管理部',NULL,'19.5','1*200','%','财务管理部',NULL,'简易包装量',NULL,NULL,NULL,'月',142),(143,'品质管理部',NULL,'65','(y-x)*200','%','铸轧分厂',NULL,'木托架回收率',NULL,NULL,NULL,'双月',143),(144,'品质管理部',NULL,'50','(y-x)*10','%','铸轧分厂',NULL,'1.5米木托架回收可用率',NULL,NULL,NULL,'双月',144),(145,'品质管理部',NULL,'5','(y-x)*10','%','铸轧分厂',NULL,'不可修复木托架回收率',NULL,NULL,NULL,'双月',145),(146,'品质管理部',NULL,'100','(y-x)*200','%','市场营销部',NULL,'对应发货准确率',NULL,NULL,NULL,'月',146),(147,'品质管理部',NULL,'0','(y-x)*200','次','市场营销部',NULL,'不合理退货',NULL,NULL,NULL,'月',147),(148,'品质管理部',NULL,'100','(y-x)*5','%','铸轧分厂',NULL,'产品入库及时性',NULL,NULL,NULL,'月',148),(149,'品质管理部',NULL,'75','(y-x)*200','分','人力资源部',NULL,'质量和计量体系管理',NULL,NULL,NULL,'年',149),(150,'人力资源部',NULL,'100','(y-x)/x*0.625*3700','%','生产技术部',NULL,'分厂生产计划完成率',NULL,NULL,NULL,'月',150),(151,'人力资源部',NULL,'90','(y-x)*50','%','线材分厂',NULL,'线材分厂人力资源配置',NULL,NULL,NULL,'月',151),(152,'人力资源部',NULL,'90','(y-x)*50','%','铸轧分厂',NULL,'铸轧分厂人力资源配置',NULL,NULL,NULL,'月',152),(153,'人力资源部',NULL,'100','(y-x)*200','%','风控内审部',NULL,'劳动合同管理',NULL,NULL,NULL,'月',153),(154,'人力资源部',NULL,'1','(y-x)*100','次','总经理办',NULL,'会议跟踪落实情况检查',NULL,NULL,NULL,'月',154),(155,'人力资源部',NULL,'0','(y-x)*200','起','总经理办',NULL,'绩效管理',NULL,NULL,NULL,'月',155),(156,'人力资源部',NULL,'0','(y-x)*200','次','财务管理部',NULL,'薪酬管理',NULL,NULL,NULL,'月',156),(157,'人力资源部',NULL,'0','(y-x)*200','起','风控内审部',NULL,'社保管理差错',NULL,NULL,NULL,'月',157),(158,'人力资源部',NULL,'1','(y-x)*100','次','总经理办',NULL,'培训实效性检查',NULL,NULL,NULL,'季',158),(159,'人力资源部',NULL,'95','(y-x)*200','%','总经理办',NULL,'培训计划完成率',NULL,NULL,NULL,'年',159),(160,'人力资源部',NULL,'合格','(y-x)*200','次','财务管理部',NULL,'福利企业管理',NULL,NULL,NULL,'年',160),(161,'党群工作部',NULL,'100','(y-x)/x*0.625*7895','%','生产技术部',NULL,'分厂生产计划完成率',NULL,NULL,NULL,'月',161),(162,'党群工作部',NULL,'0','(y-x)*200','次','总经理办',NULL,'信访管理',NULL,NULL,NULL,'月',162),(163,'党群工作部',NULL,'月底前','(y-x)*200','次','人力资源部',NULL,'《加工事业部通讯》出刊及时性',NULL,NULL,NULL,'月',163),(164,'党群工作部',NULL,'1','(y-x)*200','篇','人力资源部',NULL,'对外宣传重要稿件',NULL,NULL,NULL,'月',164),(165,'党群工作部',NULL,'1','(y-x)*100','次','人力资源部',NULL,'宣传稿件考核',NULL,NULL,NULL,'季',165),(166,'党群工作部',NULL,'1','(y-x)*100','篇','人力资源部',NULL,'江铜E家亲稿件任务',NULL,NULL,NULL,'季',166),(167,'党群工作部',NULL,'0','(y-x)*100','次','总经理办',NULL,'督办事项',NULL,NULL,NULL,'月',167),(168,'党群工作部',NULL,'1','(y-x)*200','次','总经理办',NULL,'政治理论学习检查',NULL,NULL,NULL,'月',168),(169,'党群工作部',NULL,'1','(y-x)*200','次','人力资源部',NULL,'文明办公',NULL,NULL,NULL,'月',169),(170,'财务管理部',NULL,'100','(y-x)/x*0.625*12100','%','生产技术部',NULL,'分厂生产计划完成率',NULL,NULL,NULL,'月',170),(171,'财务管理部',NULL,'0','(y-x)*200','起','风控内审部',NULL,'全面预算管理工作推进',NULL,NULL,NULL,'月',171),(172,'财务管理部',NULL,'0','(y-x)*100','次','市场营销部',NULL,'客户资信调查',NULL,NULL,NULL,'月',172),(173,'财务管理部',NULL,'1','(y-x)*100','%','风控内审部',NULL,'资金的月度盘点',NULL,NULL,NULL,'月',173),(174,'财务管理部',NULL,'0','(y-x)*200','起','风控内审部',NULL,'票据发生差错起数',NULL,NULL,NULL,'月',174),(175,'财务管理部',NULL,'0','(y-x)*100','次','风控内审部',NULL,'成本核算管理',NULL,NULL,NULL,'月',175),(176,'财务管理部',NULL,'100','(y-x)*200','%','风控内审部',NULL,'应收账款月度分析',NULL,NULL,NULL,'月',176),(177,'财务管理部',NULL,'0','(y-x)*200','次','市场营销部',NULL,'货款到账通知',NULL,NULL,NULL,'月',177),(178,'财务管理部',NULL,'1','(y-x)*200','次','风控内审部',NULL,'责任经费执行审核',NULL,NULL,NULL,'季',178),(179,'财务管理部',NULL,'100','(y-x)*200','%','风控内审部',NULL,'书面对账',NULL,NULL,NULL,'年',179),(180,'总经理办',NULL,'100','(y-x)/x*0.625*59635','%','生产技术部',NULL,'分厂生产计划完成率',NULL,NULL,NULL,'月',180),(181,'总经理办',NULL,'0','(y-x)*200','次','党群工作部',NULL,'决策督办推进季考核',NULL,NULL,NULL,'月',181),(182,'总经理办',NULL,'0','(y-x)*200','起','人力资源部',NULL,'安保事件发生率',NULL,NULL,NULL,'月',182),(183,'总经理办',NULL,'0','(y-x)*200','起','党群工作部',NULL,'后勤服务投诉',NULL,NULL,NULL,'月',183),(184,'总经理办',NULL,'0','(y-x)*200','起','总经理办',NULL,'文件机要管理',NULL,NULL,NULL,'月',184),(185,'总经理办',NULL,'0','(y-x)*200','起','人力资源部',NULL,'档案管理',NULL,NULL,NULL,'月',185),(186,'总经理办',NULL,'100','(y-x)*200','%','铸轧分厂',NULL,'外来人员、车辆管理',NULL,NULL,NULL,'月',186),(187,'总经理办',NULL,'0','(y-x)*200','项','人力资源部',NULL,'出门证管理',NULL,NULL,NULL,'月',187),(188,'总经理办',NULL,'12','(y-x)/2*6','升/100km','财务管理部',NULL,'单台车平均油耗',NULL,NULL,NULL,'季度',188),(189,'总经理办',NULL,'70','(y-x)*200','%','党群工作部',NULL,'食堂满意度',NULL,NULL,NULL,'半年',189),(190,'总经理办',NULL,'90','(y-x)*40','%','人力资源部',NULL,'小车队满意度',NULL,NULL,NULL,'年',190),(191,'总经理办',NULL,'5','(y-x)/2','万元','财务管理部',NULL,'维修保养费',NULL,NULL,NULL,'年',191),(192,'风控内审部',NULL,'100','(y-x)/x*0.625*2665','%','生产技术部',NULL,'分厂生产计划完成率',NULL,NULL,NULL,'月',192),(193,'风控内审部',NULL,'0','(y-x)*200','起','设备管理部',NULL,'合同管理',NULL,NULL,NULL,'月',193),(194,'风控内审部',NULL,'0','(y-x)*200','项','总经理办',NULL,'风险控制',NULL,NULL,NULL,'年',194),(195,'风控内审部',NULL,'100','(y-x)*100','%','设备管理部',NULL,'工程审计',NULL,NULL,NULL,'月',195),(196,'风控内审部',NULL,'0','(y-x)*200','次','市场营销部',NULL,'客户资信调查',NULL,NULL,NULL,'月',196),(197,'风控内审部',NULL,'0','(y-x)*200','起','总经理办',NULL,'法律事务',NULL,NULL,NULL,'月',197),(198,'风控内审部',NULL,'0','(y-x)*200','次','设备管理部',NULL,'招投标管理',NULL,NULL,NULL,'月',198),(199,'风控内审部',NULL,'1','(y-x)*200','次','人力资源部',NULL,'内控季度检查',NULL,NULL,NULL,'季',199),(200,'市场营销部',NULL,'100','(y-x)/x*0.625*4875','%','生产技术部',NULL,'分厂生产计划完成率',NULL,NULL,NULL,'月',200),(201,'市场营销部',NULL,'100','(y-x)*2','%','财务管理部',NULL,'杂铜长单销量（金属量）',NULL,NULL,NULL,'季',201);

/*Table structure for table `kpi_performance_result` */

DROP TABLE IF EXISTS `kpi_performance_result`;

CREATE TABLE `kpi_performance_result` (
  `id` bigint(20) NOT NULL AUTO_INCREMENT,
  `beikaohedanwei` varchar(255) DEFAULT NULL,
  `beizhu` longtext,
  `biaozhun` varchar(255) DEFAULT NULL,
  `caozuofu` varchar(255) DEFAULT NULL,
  `danwei` varchar(255) DEFAULT NULL,
  `kaohedanwei` varchar(255) DEFAULT NULL,
  `kaohejieguo` double DEFAULT NULL,
  `kaohexiangmu` varchar(255) DEFAULT NULL,
  `kaoheyuefen` varchar(255) DEFAULT NULL,
  `mubiaozhi` double DEFAULT NULL,
  `shijizhi` double DEFAULT NULL,
  `zhouqi` varchar(255) DEFAULT NULL,
  `status` int(11) DEFAULT NULL,
  PRIMARY KEY (`id`)
) ENGINE=MyISAM AUTO_INCREMENT=203 DEFAULT CHARSET=utf8;

/*Data for the table `kpi_performance_result` */

insert  into `kpi_performance_result`(`id`,`beikaohedanwei`,`beizhu`,`biaozhun`,`caozuofu`,`danwei`,`kaohedanwei`,`kaohejieguo`,`kaohexiangmu`,`kaoheyuefen`,`mubiaozhi`,`shijizhi`,`zhouqi`,`status`) values (1,'铸轧分厂',NULL,'100','(y-x)*5.3','%','生产技术部',530,'scr生产计划完成率','2019-10',28000,28100,'月',1),(2,'铸轧分厂',NULL,'100','(y-x)*3','%','生产技术部',276,'大拉生产计划完成率','2019-10',8200,8292,'月',2),(3,'铸轧分厂',NULL,'204','(y-x)*16000','元/ t','财务管理部',-16000,'SCR3000成本','2019-10',204,203,'季',3),(4,'铸轧分厂',NULL,'196','(y-x)*0','元/ t','财务管理部',0,'SCR4500成本','2019-10',196,196,'季',4),(5,'铸轧分厂',NULL,'125','(y-x)*8200','元/ t','财务管理部',-8200,'大拉责任成本','2019-10',125,124,'季',5),(6,'铸轧分厂',NULL,'0.22','(y-x)*1000','‰','品质管理部',2000,'铜杆线退货率','2019-10',10,12,'月',6),(7,'铸轧分厂',NULL,'9','(y-x)*1000','起','品质管理部',0,'铜杆线责任投诉起数','2019-10',0,0,'月',7),(8,'铸轧分厂',NULL,'81','(y-x)*200','%','品质管理部',200,'铜杆一二级品率','2019-10',79,80,'月',8),(9,'铸轧分厂',NULL,'0.1','(y-x)*50','%','品质管理部',100,'转发','2019-10',23,25,'月',9),(10,'铸轧分厂',NULL,'0.23','(y-x)*200','%','品质管理部',1000,'工艺废杆线','2019-10',10,15,'月',10),(11,'铸轧分厂',NULL,'12','1*-200','个','生产技术部',-200,'万米粒子数','2019-10',12,15,'月',11),(12,'铸轧分厂',NULL,'0.17','(y-x)*200','%','品质管理部',1400,'五级杆','2019-10',12,19,'月',12),(13,'铸轧分厂',NULL,'0','(x-y)*5','吨','市场营销部',-30,'因设备、质量,供货不及时影响订单','2019-10',0,6,'月',13),(14,'铸轧分厂',NULL,'91','(y-x)*500','%','生产技术部',-500,'SCR3000台效','2019-10',91,90,'月',14),(15,'铸轧分厂',NULL,'90','(y-x)*500','%','生产技术部',-500,'SCR4500台效','2019-10',90,89,'月',15),(16,'铸轧分厂',NULL,'50','(y-x)*100','小时','设备管理部',0,'主要设备故障停机','2019-10',NULL,NULL,'月',16),(17,'铸轧分厂',NULL,'99.5','(y-x)*100','%','设备管理部',0,'司控设备完好率','2019-10',NULL,NULL,'月',17),(18,'铸轧分厂',NULL,'94.5','(y-x)*100','%','设备管理部',0,'预防维修实现率','2019-10',NULL,NULL,'月',18),(19,'铸轧分厂',NULL,'0','1*0','起','设备管理部',0,'重大设备事故','2019-10',NULL,NULL,'月',19),(20,'铸轧分厂',NULL,'44','(x-y)/x*200','m3/t','设备管理部',0,'SCR3000天然气','2019-10',NULL,NULL,'季',20),(21,'铸轧分厂',NULL,'41.4','(x-y)/x*200','m3/t','设备管理部',0,'SCR4500天然气','2019-10',NULL,NULL,'季',21),(22,'铸轧分厂',NULL,'64.4','(x-y)/x*200','度/t','设备管理部',0,'SCR3000电单耗','2019-10',NULL,NULL,'季',22),(23,'铸轧分厂',NULL,'69','(x-y)/x*200','度/t','设备管理部',0,'SCR4500电单耗','2019-10',NULL,NULL,'季',23),(24,'铸轧分厂',NULL,'146.3','(x-y)/x*200','度/t','设备管理部',0,'大拉电单耗','2019-10',NULL,NULL,'季',24),(25,'铸轧分厂',NULL,'0','(y-x)*500','次','生产技术部',0,'排产计划完成率','2019-10',NULL,NULL,'月',25),(26,'铸轧分厂',NULL,'0','(y-x)*200','吨','生产技术部',0,'金属物料零损失','2019-10',NULL,NULL,'季',26),(27,'铸轧分厂',NULL,'1','(y-x)*500','次','生产技术部',0,'工序平衡','2019-10',NULL,NULL,'月',27),(28,'铸轧分厂',NULL,'90','1*0','%','物资供应部',0,'采购计划使用率','2019-10',NULL,NULL,'月',28),(29,'铸轧分厂',NULL,'100','(y-x)*100','%','生产技术部',0,'材料、备件计划准确率','2019-10',NULL,NULL,'月',29),(30,'铸轧分厂',NULL,'980','(y-x)/x*50','元/吨','财务管理部',0,'废乳液站单位成本','2019-10',NULL,NULL,'季',30),(31,'线材分厂',NULL,'100','(y-x)*32.9','%','生产技术部',-4686,'生产计划完成率','2019-10',2200,2057.568336,'月',31),(32,'线材分厂',NULL,'单耗锁定成本','(y-x)*2200','元/t','品质管理部',0,'预算责任成本','2019-10',NULL,NULL,'季',32),(33,'线材分厂',NULL,'0.9','(y-x)*-2000','‰','品质管理部',0,'细线退货率','2019-10',NULL,NULL,'月',33),(34,'线材分厂',NULL,'5','(y-x)*1000','次','品质管理部',0,'细线投诉','2019-10',NULL,NULL,'月',34),(35,'线材分厂',NULL,'3','(y-x)*1000','‰','品质管理部',0,'上引杆线退货率','2019-10',NULL,NULL,'月',35),(36,'线材分厂',NULL,'2','(y-x)*1000','次','品质管理部',0,'上引杆线投诉','2019-10',NULL,NULL,'月',36),(37,'线材分厂',NULL,'1.5','(y-x)*200','%','品质管理部',0,'工艺废线量','2019-10',NULL,NULL,'季',37),(38,'线材分厂',NULL,'0','(y-x)*(-10)','吨','市场营销部',0,'因设备、质量,供货不及时影响订单','2019-10',NULL,NULL,'月',38),(39,'线材分厂',NULL,'15','(y-x)*100','小时','设备管理部',0,'主要设备故障停机','2019-10',NULL,NULL,'月',39),(40,'线材分厂',NULL,'99.5','(y-x)*100','%','设备管理部',0,'司控设备完好率','2019-10',NULL,NULL,'月',40),(41,'线材分厂',NULL,'94','(y-x)*100','%','设备管理部',0,'预防维修实现率','2019-10',NULL,NULL,'月',41),(42,'线材分厂',NULL,'0','1*0','起','设备管理部',0,'重大设备事故','2019-10',NULL,NULL,'月',42),(43,'线材分厂',NULL,'H44','(x-y)/x*200','度/t','设备管理部',0,'上引电单耗','2019-10',NULL,NULL,'季',43),(44,'线材分厂',NULL,'H45','(x-y)/x*200','度/t','设备管理部',0,'大拉电单耗','2019-10',NULL,NULL,'季',44),(45,'线材分厂',NULL,'H46','(x-y)/x*200','度/t','设备管理部',0,'中拉电单耗','2019-10',NULL,NULL,'季',45),(46,'线材分厂',NULL,'H47','(x-y)/x*200','度/t','设备管理部',0,'小拉电单耗','2019-10',NULL,NULL,'季',46),(47,'线材分厂',NULL,'H48','(x-y)/x*200','度/t','设备管理部',0,'双头拉电单耗','2019-10',NULL,NULL,'季',47),(48,'线材分厂',NULL,'H49','(x-y)/x*200','度/t','设备管理部',0,'镀锡电单耗','2019-10',NULL,NULL,'季',48),(49,'线材分厂',NULL,'H50','(x-y)/x*200','度/t','设备管理部',0,'复绕电单耗','2019-10',NULL,NULL,'季',49),(50,'线材分厂',NULL,'8.04','(x-y)/x*1000/4*3','kg/t','财务管理部',0,'锡单耗','2019-10',NULL,NULL,'月',50),(51,'线材分厂',NULL,'0','(y-x)*200','吨','生产技术部',0,'金属物料零损失','2019-10',NULL,NULL,'季',51),(52,'线材分厂',NULL,'1','(y-x)*500','次','生产技术部',0,'工序平衡','2019-10',NULL,NULL,'月',52),(53,'线材分厂',NULL,'90','0*0','%','物资供应部',0,'采购计划使用率','2019-10',NULL,NULL,'月',53),(54,'线材分厂',NULL,'500','1*-500','吨','生产技术部',0,'金属物料占用','2019-10',NULL,NULL,'月',54),(55,'线材分厂',NULL,'0','(y-x)*100','项','生产技术部',0,'材料、备件计划准确率','2019-10',NULL,NULL,'月',55),(56,'苏州分公司',NULL,'100','(y-x)/x*0.3125*35133','%','生产技术部',-3783,'生产计划完成率','2019-10',833,545.976,'月',56),(57,'苏州分公司',NULL,'494','(x-y)*833*0.1','元/t','财务管理部',0,'并线预算责任成本','2019-10',NULL,NULL,'季',57),(58,'苏州分公司',NULL,'226','(x-y)*833*0.1','元/t','财务管理部',0,'绞线预算责任成本','2019-10',NULL,NULL,'季',58),(59,'苏州分公司',NULL,'1','(y-x)*500','‰','品质管理部',0,'退货率','2019-10',NULL,NULL,'月',59),(60,'苏州分公司',NULL,'4','(y-x)*200','次','品质管理部',0,'投诉','2019-10',NULL,NULL,'月',60),(61,'苏州分公司',NULL,'1','(y-x)*500','%','品质管理部',0,'废线量','2019-10',NULL,NULL,'月',61),(62,'苏州分公司',NULL,'0','(y-x)*10','吨','市场营销部',0,'因设备、质量,供货不及时影响订单','2019-10',NULL,NULL,'月',62),(63,'苏州分公司',NULL,'25','(y-x)*50','小时/台','设备管理部',0,'多头拉设备故障停机时间','2019-10',NULL,NULL,'月',63),(64,'苏州分公司',NULL,'100','(y-x)*100','%','设备管理部',0,'主要设备完好率','2019-10',NULL,NULL,'月',64),(65,'苏州分公司',NULL,'520','(x-y)/x*20','度/t','设备管理部',0,'多头拉电单耗','2019-10',NULL,NULL,'季',65),(66,'苏州分公司',NULL,'194','(x-y)/x*20','度/t','设备管理部',0,'绞线电单耗','2019-10',NULL,NULL,'季',66),(67,'苏州分公司',NULL,'0','(y-x)*200','t','生产技术部',0,'金属物料平衡','2019-10',NULL,NULL,'季',67),(68,'苏州分公司',NULL,'260','1*-500','吨','生产技术部',0,'金属物料占用','2019-10',NULL,NULL,'月',68),(69,'苏州分公司',NULL,'0','(y-x)*100','天','市场营销部',0,'按期交货','2019-10',NULL,NULL,'月',69),(70,'市场营销部',NULL,'100','(y-x)/x*0.625*29695','%','生产技术部',-761.1,'分厂生产计划完成率','2019-10',NULL,NULL,'月',70),(71,'市场营销部',NULL,'100','(y-x)*100*100','%','财务管理部',0,'货款回笼率','2019-10',NULL,NULL,'月',71),(72,'市场营销部',NULL,'0','0/20*1000','万元','财务管理部',0,'期现结合原料运作效益','2019-10',NULL,NULL,'年',72),(73,'市场营销部',NULL,'100','(y-x)*5','%','铸轧分厂',0,'产品入库及时性','2019-10',NULL,NULL,'月',73),(74,'市场营销部',NULL,'0','(y-x)*200','吨','生产技术部',0,'金属物料供应','2019-10',NULL,NULL,'月',74),(75,'市场营销部',NULL,'50','(y-x)*1','吨','铸轧分厂',0,'电铜供应均衡','2019-10',NULL,NULL,'月',75),(76,'市场营销部',NULL,'0','(y-x)*100','次','铸轧分厂',0,'废旧物资处理不及时','2019-10',NULL,NULL,'月',76),(77,'市场营销部',NULL,'/','1*y','元','财务管理部',0,'预收货款','2019-10',NULL,NULL,'月',77),(78,'市场营销部',NULL,'430','1*-500','吨','生产技术部',0,'金属物料占用','2019-10',NULL,NULL,'月',78),(79,'市场营销部',NULL,'100','(y-x)*10','%','财务管理部',0,'细线销售计划完成率','2019-10',NULL,NULL,'季',79),(80,'市场营销部',NULL,'100','(y-x)*20','%','财务管理部',0,'并绞线销售计划完成率','2019-10',NULL,NULL,'季',80),(81,'市场营销部',NULL,'100','(y-x)*500','%','财务管理部',0,'微细线计划完成率','2019-10',NULL,NULL,'季',81),(82,'市场营销部',NULL,'100','1*-1000','%','财务管理部',0,'货款回笼','2019-10',NULL,NULL,'月',82),(83,'市场营销部',NULL,'100','(y-x)/10*1000','元','财务管理部',0,'加工加价盈利','2019-10',NULL,NULL,'年',83),(84,'市场营销部',NULL,'95','(y-x)*4','%','品质管理部',0,'P15线轴回收','2019-10',NULL,NULL,'双月',84),(85,'市场营销部',NULL,'95','(y-x)*4','%','品质管理部',0,'P10线轴回收','2019-10',NULL,NULL,'双月',85),(86,'市场营销部',NULL,'95','(y-x)*2','%','品质管理部',0,'小轴线轴回收','2019-10',NULL,NULL,'双月',86),(87,'市场营销部',NULL,'85','(y-x)*10','%','品质管理部',0,'可用木托盘回收','2019-10',NULL,NULL,'双月',87),(88,'市场营销部',NULL,'100','(y-x)*1000','%','品质管理部',0,'铁轴回收','2019-10',NULL,NULL,'月',88),(89,'市场营销部',NULL,'90','(y-x)*200','%','品质管理部',0,'线轴可用率','2019-10',NULL,NULL,'双月',89),(90,'市场营销部',NULL,'100','1*-100','%','财务管理部',0,'票据证明及时性','2019-10',NULL,NULL,'月',90),(91,'市场营销部',NULL,'0','1*0','t　','品质管理部',0,'退货','2019-10',NULL,NULL,'月',91),(92,'物资供应部',NULL,'100','(y-x)/x*0.625*14210','%','生产技术部',-613.4,'分厂生产计划完成率','2019-10',NULL,NULL,'月',92),(93,'物资供应部',NULL,'≤集团公司目标值','(y-x)/50*100','万元','财务管理部',0,'材料、备件储备资金占用','2019-10',NULL,NULL,'月',93),(94,'物资供应部',NULL,'98','(y-x)*200','%','铸轧分厂',0,'铸轧自购物资到货率','2019-10',NULL,NULL,'月',94),(95,'物资供应部',NULL,'98','(y-x)*200','%','线材分厂',0,'线材自购物资到货率','2019-10',NULL,NULL,'月',95),(96,'物资供应部',NULL,'100','(y-x)*200','%','铸轧分厂',0,'铸轧自购物资合格率','2019-10',NULL,NULL,'月',96),(97,'物资供应部',NULL,'100','(y-x)*200','%','线材分厂',0,'线材自购物资合格率','2019-10',NULL,NULL,'月',97),(98,'物资供应部',NULL,'0','(y-x)*100','起','铸轧分厂',0,'铸轧采购验收质量投诉','2019-10',NULL,NULL,'月',98),(99,'物资供应部',NULL,'0','(y-x)*100','起','线材分厂',0,'线材采购验收质量投诉','2019-10',NULL,NULL,'月',99),(100,'物资供应部',NULL,'0','(y-x)*1000','次','铸轧分厂',0,'供应影响生产、检修','2019-10',NULL,NULL,'月',100),(101,'物资供应部',NULL,'0','(y-x)*500','%','设备管理部',0,'固定资产投资项目核消','2019-10',NULL,NULL,'月',101),(102,'物资供应部',NULL,'0','(y-x)*200','%','铸轧分厂',0,'大宗物资验收','2019-10',NULL,NULL,'月',102),(103,'物资供应部',NULL,'0','(y-x)*100','件','设备管理部',0,'进口备件采购期','2019-10',NULL,NULL,'月',103),(104,'物资供应部',NULL,'0','(y-x)*100','%','设备管理部',0,'月修加工急件','2019-10',NULL,NULL,'月',104),(105,'物资供应部',NULL,'一个月','(y-x)*200','项','生产技术部',0,'新材料评审周期','2019-10',NULL,NULL,'月',105),(106,'物资供应部',NULL,'0','(y-x)*100','%','铸轧分厂',0,'代储物资验收','2019-10',NULL,NULL,'月',106),(107,'物资供应部',NULL,'0','(y-x)*100','%','铸轧分厂',0,'采购合同履行','2019-10',NULL,NULL,'月',107),(108,'物资供应部',NULL,'0','(y-x)*100','%','财务管理部',0,'账卡物相符情况','2019-10',NULL,NULL,'季',108),(109,'物资供应部',NULL,'5','(y-x)*200','%','财务管理部',0,'平均采购单价下降达成率','2019-10',NULL,NULL,'年',109),(110,'物资供应部',NULL,'公司确定','(y-x)*200','项','人力资源部',0,'降低单一采购项目','2019-10',NULL,NULL,'年',110),(111,'生产技术部',NULL,'100','(y-x)/x*0.625*9270','%','生产技术部',-400,'分厂生产计划完成率','2019-10',NULL,NULL,'月',111),(112,'生产技术部',NULL,'0','(y-x)*200','次','人力资源部',0,'生产计划管理','2019-10',NULL,NULL,'月',112),(113,'生产技术部',NULL,'≧4','(y-x)*100','起','人力资源部',0,'工艺技术管理','2019-10',NULL,NULL,'月',113),(114,'生产技术部',NULL,'0','0*1','起','人力资源部',0,'安全环保管理','2019-10',NULL,NULL,'月',114),(115,'生产技术部',NULL,'19.5','1*200','%','财务管理部',0,'简易包装量','2019-10',NULL,NULL,'月',115),(116,'生产技术部',NULL,'100','(y-x)*-100','%','人力资源部',0,'分厂材料计划准确率','2019-10',NULL,NULL,'月',116),(117,'生产技术部',NULL,'1','(y-x)*-200','起','人力资源部',0,'金属物料零损失考核','2019-10',NULL,NULL,'月',117),(118,'生产技术部',NULL,'0','(y-x)*-200','起','财务管理部',0,'统计报表','2019-10',NULL,NULL,'月',118),(119,'生产技术部',NULL,'≦3','(y-x)*-200','次','市场营销部',0,'技术评审','2019-10',NULL,NULL,'月',119),(120,'生产技术部',NULL,'0','(y-x)*-200','次','市场营销部',0,'交货期考核','2019-10',NULL,NULL,'月',120),(121,'生产技术部',NULL,'达标','(y-x)*-500','起','总经理办',0,'现场管理','2019-10',NULL,NULL,'年',121),(122,'生产技术部',NULL,'75','(y-x)*-200','分','品质管理部',0,'环境与职业安全健康体系','2019-10',NULL,NULL,'年',122),(123,'设备管理部',NULL,'100','(y-x)/x*0.625*9570','%','生产技术部',-412.8,'分厂生产计划完成率','2019-10',NULL,NULL,'月',123),(124,'设备管理部',NULL,'0','(y-x)*-200','起','铸轧分厂',0,'工程管理','2019-10',NULL,NULL,'月',124),(125,'设备管理部',NULL,'0','(y-x)*-200','起','线材分厂',0,'工程管理','2019-10',NULL,NULL,'月',125),(126,'设备管理部',NULL,'0','(y-x)*-200','起','人力资源部',0,'设备重大事故','2019-10',NULL,NULL,'月',126),(127,'设备管理部',NULL,'0','(y-x)*-100','起','总经理办',0,'信息化管理','2019-10',NULL,NULL,'月',127),(128,'设备管理部',NULL,'100','(y-x)*-200','%','铸轧分厂',0,'外协施工管理','2019-10',NULL,NULL,'月',128),(129,'设备管理部',NULL,'100','(y-x)*-100','%','人力资源部',0,'分厂备件计划准确率','2019-10',NULL,NULL,'月',129),(130,'设备管理部',NULL,'1','(y-x)*-200','次','人力资源部',0,'设备能源检查','2019-10',NULL,NULL,'月',130),(131,'设备管理部',NULL,'0','(y-x)*-200','项','财务管理部',0,'大修季度完成情况','2019-10',NULL,NULL,'季',131),(132,'设备管理部',NULL,'1','(y-x)*-200','起','人力资源部',0,'设备档案检查频次','2019-10',NULL,NULL,'季',132),(133,'设备管理部',NULL,'75','(y-x)*-200','分','品质管理部',0,'能源管理体系','2019-10',NULL,NULL,'年',133),(134,'设备管理部',NULL,'1','(y-x)*-200','次','铸轧分厂',0,'废旧设备处理','2019-10',NULL,NULL,'年',134),(135,'设备管理部',NULL,'73','(y-x)*-200','%','人力资源部',0,'技改项目完成率','2019-10',NULL,NULL,'年',135),(136,'设备管理部',NULL,'644','(y-x)/x*-200*100','万元','财务管理部',0,'大修费用控制','2019-10',NULL,NULL,'年',136),(137,'品质管理部',NULL,'100','(y-x)/x*0.625*38885','%','生产技术部',-1028.5,'分厂生产计划完成率','2019-10',NULL,NULL,'月',137),(138,'品质管理部',NULL,'0','(y-x)*-200','起','市场营销部',0,'质量和计量异议处理','2019-10',NULL,NULL,'月',138),(139,'品质管理部',NULL,'0.25','(y-x)*400','‰','人力资源部',0,'综合退货率','2019-10',NULL,NULL,'月',139),(140,'品质管理部',NULL,'0','(y-x)*-200','起','铸轧分厂',0,'原材料及产品检验','2019-10',NULL,NULL,'月',140),(141,'品质管理部',NULL,'80','(y-x)*10','小时','铸轧分厂',0,'铁框回收','2019-10',NULL,NULL,'月',141),(142,'品质管理部',NULL,'19.5','1*200','%','财务管理部',0,'简易包装量','2019-10',NULL,NULL,'月',142),(143,'品质管理部',NULL,'65','(y-x)*200','%','铸轧分厂',0,'木托架回收率','2019-10',NULL,NULL,'双月',143),(144,'品质管理部',NULL,'50','(y-x)*10','%','铸轧分厂',0,'1.5米木托架回收可用率','2019-10',NULL,NULL,'双月',144),(145,'品质管理部',NULL,'5','(y-x)*10','%','铸轧分厂',0,'不可修复木托架回收率','2019-10',NULL,NULL,'双月',145),(146,'品质管理部',NULL,'100','(y-x)*200','%','市场营销部',0,'对应发货准确率','2019-10',NULL,NULL,'月',146),(147,'品质管理部',NULL,'0','(y-x)*200','次','市场营销部',0,'不合理退货','2019-10',NULL,NULL,'月',147),(148,'品质管理部',NULL,'100','(y-x)*5','%','铸轧分厂',0,'产品入库及时性','2019-10',NULL,NULL,'月',148),(149,'品质管理部',NULL,'75','(y-x)*200','分','人力资源部',0,'质量和计量体系管理','2019-10',NULL,NULL,'年',149),(150,'人力资源部',NULL,'100','(y-x)/x*0.625*3700','%','生产技术部',-159.6,'分厂生产计划完成率','2019-10',NULL,NULL,'月',150),(151,'人力资源部',NULL,'90','(y-x)*50','%','线材分厂',0,'线材分厂人力资源配置','2019-10',NULL,NULL,'月',151),(152,'人力资源部',NULL,'90','(y-x)*50','%','铸轧分厂',0,'铸轧分厂人力资源配置','2019-10',NULL,NULL,'月',152),(153,'人力资源部',NULL,'100','(y-x)*200','%','风控内审部',0,'劳动合同管理','2019-10',NULL,NULL,'月',153),(154,'人力资源部',NULL,'1','(y-x)*100','次','总经理办',0,'会议跟踪落实情况检查','2019-10',NULL,NULL,'月',154),(155,'人力资源部',NULL,'0','(y-x)*200','起','总经理办',0,'绩效管理','2019-10',NULL,NULL,'月',155),(156,'人力资源部',NULL,'0','(y-x)*200','次','财务管理部',0,'薪酬管理','2019-10',NULL,NULL,'月',156),(157,'人力资源部',NULL,'0','(y-x)*200','起','风控内审部',0,'社保管理差错','2019-10',NULL,NULL,'月',157),(158,'人力资源部',NULL,'1','(y-x)*100','次','总经理办',0,'培训实效性检查','2019-10',NULL,NULL,'季',158),(159,'人力资源部',NULL,'95','(y-x)*200','%','总经理办',0,'培训计划完成率','2019-10',NULL,NULL,'年',159),(160,'人力资源部',NULL,'合格','(y-x)*200','次','财务管理部',0,'福利企业管理','2019-10',NULL,NULL,'年',160),(161,'党群工作部',NULL,'100','(y-x)/x*0.625*7895','%','生产技术部',-340.8,'分厂生产计划完成率','2019-10',NULL,NULL,'月',161),(162,'党群工作部',NULL,'0','(y-x)*200','次','总经理办',0,'信访管理','2019-10',NULL,NULL,'月',162),(163,'党群工作部',NULL,'月底前','(y-x)*200','次','人力资源部',0,'《加工事业部通讯》出刊及时性','2019-10',NULL,NULL,'月',163),(164,'党群工作部',NULL,'1','(y-x)*200','篇','人力资源部',0,'对外宣传重要稿件','2019-10',NULL,NULL,'月',164),(165,'党群工作部',NULL,'1','(y-x)*100','次','人力资源部',0,'宣传稿件考核','2019-10',NULL,NULL,'季',165),(166,'党群工作部',NULL,'1','(y-x)*100','篇','人力资源部',0,'江铜E家亲稿件任务','2019-10',NULL,NULL,'季',166),(167,'党群工作部',NULL,'0','(y-x)*100','次','总经理办',0,'督办事项','2019-10',NULL,NULL,'月',167),(168,'党群工作部',NULL,'1','(y-x)*200','次','总经理办',0,'政治理论学习检查','2019-10',NULL,NULL,'月',168),(169,'党群工作部',NULL,'1','(y-x)*200','次','人力资源部',0,'文明办公','2019-10',NULL,NULL,'月',169),(170,'财务管理部',NULL,'100','(y-x)/x*0.625*12100','%','生产技术部',-521.9,'分厂生产计划完成率','2019-10',NULL,NULL,'月',170),(171,'财务管理部',NULL,'0','(y-x)*200','起','风控内审部',0,'全面预算管理工作推进','2019-10',NULL,NULL,'月',171),(172,'财务管理部',NULL,'0','(y-x)*100','次','市场营销部',0,'客户资信调查','2019-10',NULL,NULL,'月',172),(173,'财务管理部',NULL,'1','(y-x)*100','%','风控内审部',0,'资金的月度盘点','2019-10',NULL,NULL,'月',173),(174,'财务管理部',NULL,'0','(y-x)*200','起','风控内审部',0,'票据发生差错起数','2019-10',NULL,NULL,'月',174),(175,'财务管理部',NULL,'0','(y-x)*100','次','风控内审部',0,'成本核算管理','2019-10',NULL,NULL,'月',175),(176,'财务管理部',NULL,'100','(y-x)*200','%','风控内审部',0,'应收账款月度分析','2019-10',NULL,NULL,'月',176),(177,'财务管理部',NULL,'0','(y-x)*200','次','市场营销部',0,'货款到账通知','2019-10',NULL,NULL,'月',177),(178,'财务管理部',NULL,'1','(y-x)*200','次','风控内审部',0,'责任经费执行审核','2019-10',NULL,NULL,'季',178),(179,'财务管理部',NULL,'100','(y-x)*200','%','风控内审部',0,'书面对账','2019-10',NULL,NULL,'年',179),(180,'总经理办',NULL,'100','(y-x)/x*0.625*59635','%','生产技术部',-2422.3,'分厂生产计划完成率','2019-10',NULL,NULL,'月',180),(181,'总经理办',NULL,'0','(y-x)*200','次','党群工作部',0,'决策督办推进季考核','2019-10',NULL,NULL,'月',181),(182,'总经理办',NULL,'0','(y-x)*200','起','人力资源部',0,'安保事件发生率','2019-10',NULL,NULL,'月',182),(183,'总经理办',NULL,'0','(y-x)*200','起','党群工作部',0,'后勤服务投诉','2019-10',NULL,NULL,'月',183),(184,'总经理办',NULL,'0','(y-x)*200','起','总经理办',0,'文件机要管理','2019-10',NULL,NULL,'月',184),(185,'总经理办',NULL,'0','(y-x)*200','起','人力资源部',0,'档案管理','2019-10',NULL,NULL,'月',185),(186,'总经理办',NULL,'100','(y-x)*200','%','铸轧分厂',0,'外来人员、车辆管理','2019-10',NULL,NULL,'月',186),(187,'总经理办',NULL,'0','(y-x)*200','项','人力资源部',0,'出门证管理','2019-10',NULL,NULL,'月',187),(188,'总经理办',NULL,'12','(y-x)/2*6','升/100km','财务管理部',0,'单台车平均油耗','2019-10',NULL,NULL,'季度',188),(189,'总经理办',NULL,'70','(y-x)*200','%','党群工作部',0,'食堂满意度','2019-10',NULL,NULL,'半年',189),(190,'总经理办',NULL,'90','(y-x)*40','%','人力资源部',0,'小车队满意度','2019-10',NULL,NULL,'年',190),(191,'总经理办',NULL,'5','(y-x)/2','万元','财务管理部',0,'维修保养费','2019-10',NULL,NULL,'年',191),(192,'风控内审部',NULL,'100','(y-x)/x*0.625*2665','%','生产技术部',-114.9,'分厂生产计划完成率','2019-10',NULL,NULL,'月',192),(193,'风控内审部',NULL,'0','(y-x)*200','起','设备管理部',0,'合同管理','2019-10',NULL,NULL,'月',193),(194,'风控内审部',NULL,'0','(y-x)*200','项','总经理办',0,'风险控制','2019-10',NULL,NULL,'年',194),(195,'风控内审部',NULL,'100','(y-x)*100','%','设备管理部',0,'工程审计','2019-10',NULL,NULL,'月',195),(196,'风控内审部',NULL,'0','(y-x)*200','次','市场营销部',0,'客户资信调查','2019-10',NULL,NULL,'月',196),(197,'风控内审部',NULL,'0','(y-x)*200','起','总经理办',0,'法律事务','2019-10',NULL,NULL,'月',197),(198,'风控内审部',NULL,'0','(y-x)*200','次','设备管理部',0,'招投标管理','2019-10',NULL,NULL,'月',198),(199,'风控内审部',NULL,'1','(y-x)*200','次','人力资源部',0,'内控季度检查','2019-10',NULL,NULL,'季',199),(200,'市场营销部',NULL,'100','(y-x)/x*0.625*4875','%','生产技术部',-761.1,'分厂生产计划完成率','2019-10',NULL,NULL,'月',200),(201,'市场营销部',NULL,'100','(y-x)*2','%','财务管理部',0,'杂铜长单销量（金属量）','2019-10',NULL,NULL,'季',201);

/*Table structure for table `sys_department` */

DROP TABLE IF EXISTS `sys_department`;

CREATE TABLE `sys_department` (
  `id` int(11) NOT NULL AUTO_INCREMENT,
  `deptName` varchar(55) DEFAULT NULL,
  `parentId` int(11) DEFAULT NULL,
  `flag` tinyint(1) DEFAULT NULL,
  UNIQUE KEY `id` (`id`)
) ENGINE=InnoDB AUTO_INCREMENT=15 DEFAULT CHARSET=utf8;

/*Data for the table `sys_department` */

insert  into `sys_department`(`id`,`deptName`,`parentId`,`flag`) values (1,'铜材公司',0,NULL),(2,'铸轧分厂',1,NULL),(3,'线材分厂',1,NULL),(4,'苏州分公司',3,NULL),(5,'市场营销部',1,NULL),(6,'物资供应部',1,NULL),(7,'生产技术部',1,NULL),(8,'设备管理部',1,NULL),(9,'品质管理部',1,NULL),(10,'人力资源部',1,NULL),(11,'党群工作部',1,NULL),(12,'财务管理部',1,NULL),(13,'风控内审部',1,NULL),(14,'总经理办',1,NULL);

/*Table structure for table `sys_permission` */

DROP TABLE IF EXISTS `sys_permission`;

CREATE TABLE `sys_permission` (
  `id` int(11) NOT NULL AUTO_INCREMENT,
  `parentid` int(11) DEFAULT NULL,
  `name` varchar(50) DEFAULT NULL,
  `css` varchar(30) DEFAULT NULL,
  `href` varchar(1000) DEFAULT NULL,
  `type` tinyint(4) DEFAULT NULL,
  `permission` varchar(50) DEFAULT NULL,
  `sort` int(11) DEFAULT NULL,
  UNIQUE KEY `id` (`id`)
) ENGINE=InnoDB AUTO_INCREMENT=42 DEFAULT CHARSET=utf8;

/*Data for the table `sys_permission` */

insert  into `sys_permission`(`id`,`parentid`,`name`,`css`,`href`,`type`,`permission`,`sort`) values (1,0,'用户管理','&#xe696;',NULL,1,NULL,1),(2,1,'用户查询','&#xe6b8;','/api/getPage?pageName=user/user-list',1,NULL,2),(3,2,'查询',NULL,NULL,2,'sys:user:query',100),(4,2,'新增',NULL,NULL,2,'sys:user:add',100),(5,2,'删除',NULL,NULL,2,'sys:user:del',100),(6,1,'修改密码','&#xe74e;','/api/getPage?pageName=user/user-change-password',1,'sys:user:password',4),(7,0,'系统设置','&#xe75f;',NULL,1,NULL,5),(8,7,'菜单','&#xe749;','/api/getPage?pageName=permission/permission-list',1,NULL,6),(9,8,'查询',NULL,NULL,2,'sys:menu:query',100),(10,8,'新增',NULL,NULL,2,'sys:menu:add',100),(11,8,'删除',NULL,NULL,2,'sys:menu:del',100),(12,7,'角色','&#xe753;','/api/getPage?pageName=role/role-list',1,NULL,7),(13,12,'查询',NULL,NULL,2,'sys:role:query',100),(14,12,'新增',NULL,NULL,2,'sys:role:add',100),(15,12,'删除',NULL,NULL,2,'sys:role:del',100),(16,0,'绩效管理','&#xe735;','',1,'',8),(19,0,'数据源管理','&#xe722;','druid/index.html',1,NULL,9),(21,0,'接口swagger','&#xe723;','swagger-ui.html',1,NULL,14),(22,0,'代码生成','&#xe715;','/api/getPage?pageName=generate/edit',1,'generate:edit',11),(23,0,'日志查询','&#xe70c;','/api/getPage?pageName',1,'sys:log:query',13),(24,8,'修改',NULL,NULL,2,'sys:menu:edit',100),(25,12,'修改',NULL,NULL,2,'sys:role:edit',100),(26,2,'修改',NULL,NULL,2,'sys:user:edit',100),(27,16,'指标初始化','&#xe70c;','/api/getPage?pageName=performance/performance-init',1,'kpi:performance:init',100),(28,16,'指标填报','&#xe74e;','/api/getPage?pageName=performance/performance-fill',1,'kpi:performance:add',100),(29,16,'考核结果','&#xe757;','/api/getPage?pageName=performance/performance-result',1,'kpi:performance:query',102),(30,27,'新增','','',2,'kpi:performance:add',100),(31,27,'修改','','',2,'kpi:performance:edit',100),(32,27,'删除','','',2,'kpi:performance:del',100),(33,0,'员工管理','&#xe6b8;','',1,'',10),(34,38,'新增',NULL,NULL,2,'emp:employee:add',100),(35,38,'修改',NULL,NULL,2,'emp:employee:edit',100),(36,38,'删除',NULL,NULL,2,'emp:employee:del',100),(37,38,'初始化',NULL,NULL,2,'emp:employee:init',100),(38,33,'部门员工信息','&#xe6f5;','/api/getPage?pageName=employee/deptemployee-list',1,'emp:employee:query',100),(39,16,'细则考核填报','&#xe6a2;','/api/getPage?pageName=performance/detailedrule-fill',1,'kpi:performance:add',101),(40,38,'下载',NULL,NULL,2,'emp:employee:query',100),(41,33,'员工月度挂钩情况','&#xe6a2;','/api/getPage?pageName=employee/deptechanliangguagou-list',1,'emp:employee:query',100);

/*Table structure for table `sys_role` */

DROP TABLE IF EXISTS `sys_role`;

CREATE TABLE `sys_role` (
  `id` int(11) NOT NULL AUTO_INCREMENT,
  `name` varchar(50) DEFAULT NULL,
  `descirption` varchar(100) DEFAULT NULL,
  `createtime` datetime DEFAULT NULL,
  `updatetime` datetime DEFAULT NULL,
  UNIQUE KEY `id` (`id`)
) ENGINE=InnoDB AUTO_INCREMENT=6 DEFAULT CHARSET=utf8;

/*Data for the table `sys_role` */

insert  into `sys_role`(`id`,`name`,`descirption`,`createtime`,`updatetime`) values (1,'ADMIN','管理员','2019-10-10 00:00:00','2019-10-11 00:00:00'),(2,'KPI_USER','绩效数据填报','2019-10-10 00:00:00','2019-10-11 00:00:00'),(3,'LEADER','经理','2019-10-10 00:00:00','2019-10-11 00:00:00'),(4,'TEST','测试','2019-10-10 00:00:00','2019-10-11 00:00:00'),(5,'SALAY_USER','薪酬管理，工资统计','2019-11-28 01:52:47','2019-11-28 01:52:47');

/*Table structure for table `sys_role_permission` */

DROP TABLE IF EXISTS `sys_role_permission`;

CREATE TABLE `sys_role_permission` (
  `roleid` int(11) DEFAULT NULL,
  `permissionid` int(11) DEFAULT NULL,
  KEY `FK_sys_role_pemisssion` (`permissionid`),
  KEY `roleid` (`roleid`)
) ENGINE=InnoDB DEFAULT CHARSET=utf8;

/*Data for the table `sys_role_permission` */

insert  into `sys_role_permission`(`roleid`,`permissionid`) values (8,1),(8,2),(8,3),(8,4),(8,5),(8,26),(8,6),(11,1),(11,2),(11,3),(11,4),(11,5),(11,26),(11,6),(11,7),(11,8),(11,9),(11,10),(11,11),(11,24),(11,12),(11,13),(11,14),(11,15),(11,25),(12,1),(12,2),(12,3),(12,4),(12,5),(12,26),(12,6),(12,7),(12,8),(12,9),(12,10),(12,11),(12,24),(12,12),(12,13),(12,14),(12,15),(12,25),(12,16),(12,19),(12,21),(12,22),(12,23),(3,1),(3,2),(3,3),(3,6),(3,7),(3,8),(3,9),(3,12),(3,13),(3,16),(3,28),(3,29),(3,39),(3,33),(3,38),(3,34),(3,35),(3,36),(4,16),(4,27),(4,30),(4,31),(4,32),(4,28),(4,29),(4,39),(4,33),(4,38),(4,34),(4,35),(4,36),(4,37),(2,1),(2,6),(2,7),(2,8),(2,9),(2,16),(2,28),(2,29),(2,39),(2,33),(2,38),(2,34),(2,35),(2,36),(2,40),(1,1),(1,2),(1,3),(1,4),(1,5),(1,26),(1,6),(1,7),(1,8),(1,9),(1,10),(1,11),(1,24),(1,12),(1,13),(1,14),(1,15),(1,25),(1,16),(1,27),(1,30),(1,31),(1,32),(1,28),(1,29),(1,39),(1,19),(1,21),(1,22),(1,23),(1,33),(1,38),(1,34),(1,35),(1,36),(1,37),(1,40),(1,41),(5,16),(5,29),(5,33),(5,38),(5,34),(5,35),(5,36),(5,37),(5,40),(5,41);

/*Table structure for table `sys_user_role` */

DROP TABLE IF EXISTS `sys_user_role`;

CREATE TABLE `sys_user_role` (
  `userid` int(11) DEFAULT NULL,
  `roleid` int(11) DEFAULT NULL,
  KEY `FK_sys_user_role` (`userid`),
  KEY `roleid` (`roleid`)
) ENGINE=InnoDB DEFAULT CHARSET=utf8;

/*Data for the table `sys_user_role` */

insert  into `sys_user_role`(`userid`,`roleid`) values (1,1),(25,2),(17,2),(19,2),(19,3),(20,2),(22,2),(22,3),(23,2),(23,3),(24,1),(24,2),(24,3),(5,2),(9,2),(11,2),(10,2),(10,3),(2,2),(6,2),(6,3),(7,2),(8,2),(8,3),(14,2),(14,3),(13,2),(13,3),(12,2),(12,3),(4,2),(3,2);

/*Table structure for table `sys_users` */

DROP TABLE IF EXISTS `sys_users`;

CREATE TABLE `sys_users` (
  `id` int(11) NOT NULL AUTO_INCREMENT,
  `username` varchar(55) DEFAULT NULL,
  `password` varchar(100) DEFAULT NULL,
  `phone` varchar(55) DEFAULT NULL,
  `dept` varchar(55) DEFAULT NULL,
  `email` varchar(55) DEFAULT NULL,
  `headimage` varchar(150) DEFAULT NULL,
  `gangweimingcheng` varchar(55) DEFAULT NULL,
  `status` tinyint(4) DEFAULT NULL,
  `createtime` datetime DEFAULT NULL,
  `updatetime` datetime DEFAULT NULL,
  `birthday` date DEFAULT NULL,
  `sex` tinyint(4) DEFAULT NULL,
  UNIQUE KEY `id` (`id`)
) ENGINE=InnoDB AUTO_INCREMENT=16 DEFAULT CHARSET=utf8;

/*Data for the table `sys_users` */

insert  into `sys_users`(`id`,`username`,`password`,`phone`,`dept`,`email`,`headimage`,`gangweimingcheng`,`status`,`createtime`,`updatetime`,`birthday`,`sex`) values (1,'admin','$2a$10$e8uEJMBhbICkvVAndA.h1ufFIumA9tLYcYmEnkOhtXB3JVxrWmNe.','18007012143','人力资源部','781775099@qq.com',NULL,'管理员',1,NULL,NULL,'2019-01-12',1),(2,'眭建华','$2a$10$NXvmkxTAE.pUW92aOmYnN.WbZ1CPGjn0Vof0lYMvWUj/FpMqIS336','15970284899','铸轧分厂','456@qq.com',NULL,'工艺员',0,NULL,NULL,NULL,1),(3,'项建芳','$2a$10$NXvmkxTAE.pUW92aOmYnN.WbZ1CPGjn0Vof0lYMvWUj/FpMqIS336','13970162840','线材分厂','456@qq.com',NULL,'党群干事',1,NULL,NULL,NULL,0),(4,'徐建蛟','$2a$10$NXvmkxTAE.pUW92aOmYnN.WbZ1CPGjn0Vof0lYMvWUj/FpMqIS336','13970187302','生产技术部','456@qq.com',NULL,'统计管理',1,NULL,NULL,NULL,0),(5,'吕苗','$2a$10$NXvmkxTAE.pUW92aOmYnN.WbZ1CPGjn0Vof0lYMvWUj/FpMqIS336','19907010391','设备管理部','456@qq.com',NULL,'设备管理',1,NULL,NULL,NULL,1),(6,'眭勤','$2a$10$NXvmkxTAE.pUW92aOmYnN.WbZ1CPGjn0Vof0lYMvWUj/FpMqIS336','13970185283','品质管理部','456@qq.com',NULL,'',1,NULL,NULL,NULL,1),(7,'王军平','$2a$10$NXvmkxTAE.pUW92aOmYnN.WbZ1CPGjn0Vof0lYMvWUj/FpMqIS336','13907012056','物资供应部','456@qq.com',NULL,'采购管理',1,NULL,NULL,NULL,1),(8,'周军','$2a$10$NXvmkxTAE.pUW92aOmYnN.WbZ1CPGjn0Vof0lYMvWUj/FpMqIS336','13870024314','市场营销部','456@qq.com',NULL,'',1,NULL,NULL,NULL,1),(9,'赵志平','$2a$10$e8uEJMBhbICkvVAndA.h1ufFIumA9tLYcYmEnkOhtXB3JVxrWmNe.','18007012143','人力资源部','781775099@qq.com',NULL,'',1,'2019-10-02 03:46:29','2019-10-02 03:46:29','2019-10-04',1),(10,'付伟平','$2a$10$NXvmkxTAE.pUW92aOmYnN.WbZ1CPGjn0Vof0lYMvWUj/FpMqIS336','13870114153','总经理办','345@qq.com',NULL,'',1,'2019-10-03 11:58:08','2019-10-03 11:58:08','2019-09-29',1),(11,'刘苗淼','$2a$10$NXvmkxTAE.pUW92aOmYnN.WbZ1CPGjn0Vof0lYMvWUj/FpMqIS336','15879976694','党群工作部','67@qq.com',NULL,'',1,'2019-10-08 09:57:50','2019-10-08 09:57:50','2019-10-05',0),(12,'殷化峰','$2a$10$qhTuplHaDC/.PI.9/yUwo.Tt/nmq.fCqEhEd2ZWMwTHMJocnI4A8a','18507015592','总经理办','788@qq.com',NULL,'',1,'2019-10-11 12:52:56','2019-10-11 12:52:56','2009-07-24',1),(13,'杨忠平','$2a$10$NXvmkxTAE.pUW92aOmYnN.WbZ1CPGjn0Vof0lYMvWUj/FpMqIS336','13870114947','风控内审部','89@qq.com',NULL,'',1,'2019-10-12 10:49:01','2019-10-12 10:49:01','2019-10-02',1),(14,'熊垠','$2a$10$cyRxAQcqquuuqfMLLj8QquR6ENLmM4Vh71Ua6i8oLzp9KnPFrCor6','18907012992','人力资源部','789@qq.com',NULL,'',1,'2019-10-13 03:40:57','2019-10-13 03:40:57','2019-09-28',1);

/*Table structure for table `test_user` */

DROP TABLE IF EXISTS `test_user`;

CREATE TABLE `test_user` (
  `id` int(11) NOT NULL AUTO_INCREMENT COMMENT 'ID',
  `username` varchar(55) DEFAULT NULL COMMENT '用户姓名',
  `age` int(11) DEFAULT NULL COMMENT '年龄',
  PRIMARY KEY (`id`)
) ENGINE=InnoDB DEFAULT CHARSET=utf8;

/*Data for the table `test_user` */

/*!40101 SET SQL_MODE=@OLD_SQL_MODE */;
/*!40014 SET FOREIGN_KEY_CHECKS=@OLD_FOREIGN_KEY_CHECKS */;
/*!40014 SET UNIQUE_CHECKS=@OLD_UNIQUE_CHECKS */;
/*!40111 SET SQL_NOTES=@OLD_SQL_NOTES */;
